Concessionária ,Bairro,cep
Deposito,Betim,32669-900
Con1,Carmo,30330-000
Con2,Sao Francisco,31255-170
Con3,Pilar,30390-090
Con4,Jaqueline,31748-038
Con5,Silveira,31140-403
Con6,Sao Francisco,31255-170
Con7,SAO FRANCISCO,31255-170
Con8,Sao Francisco,31255-230
Con9,Santa Rosa,31255-610
Con10,Buritis,30575-110
Con11,Sion,30315-570
Con12,Mangabeiras,30210-090
Con13,Liberdade,31270-180
Con14,Sao Bernardo,31741-388
Con15,Buritis,30575-847
Con16,Cruzeiro,30310-120
Con17,Prado,30411-191
Con18,Buritis,30575-170
Con19,Diamante Barreiro,30660-133
Con20,LOURDES,30170-135
Con21,Santa Ines,31080-300
Con22,Funcionarios,30150-331
Con23,Funcionarios,30140-100
Con24,Prado,30411-230
Con25,Buritis,30575-815
Con26,Silveira,31140-520
Con27,Buritis,30492-025
Con28,Sagrada Familia,31035-410
Con29,Teixeira Dias Barreiro,30644-270
Con30,Pindorama,30865-040
Con31,Santo Antonio,30350-260
Con32,Brasil Industrial Barreiro,30626-090
Con33,Dom Bosco,30850-650
Con34,Buritis,30575-839
Con35,Joao Pinheiro,30530-310
Con36,Alto Barroca,30431-038
Con37,Buritis,30575-220
Con38,Jardim Leblon,31540-670
Con39,CASTELO,31330-230
Con40,Sao Luiz,31270-740
Con41,Grajau,30431-180
Con42,Caicaras,30770-170
Con43,Itaipu (Barreiro),30662-500
Con44,Tirol Barreiro,30662-460
Con45,Santa Branca,31565-230
Con46,Funcionarios,30150-311
Con47,Buritis,30575-290
Con48,Sao Lucas,30240-500
Con49,Cardoso Barreiro,30626-470
Con50,Colegio Batista,31110-010
Con51,Novo Gloria,30870-420
Con52,Madre Gertrudes,30518-150
Con53,Funcionarios,30150-321
Con54,Palmeiras,30575-590
Con55,Buritis,30492-020
Con56,ARAGUAIA,30620-390
Con57,Santa Rosa,31255-750
Con58,NOVA CACHOEIRINHA,31250-380
Con59,Copacabana,31540-530
Con60,Barro Preto,30190-110
Con61,Savassi,30140-140
Con62,Estoril,30494-230
Con63,Sao Luiz,31270-760
Con64,Liberdade,31270-250
Con65,Serra Verde Venda Nova,31630-900
Con66,Centro,30170-110
Con67,Carlos Prates,30710-020
Con68,Havai,30555-140
Con69,Colegio Batista,31110-150
Con70,Serra Verde Venda Nova,31630-900
Con71,Sao Pedro,30330-080
Con72,Santo Andre,31230-180
Con73,Santa Branca,31565-460
Con74,Cinquentenario,30570-000
Con75,Ipe,31930-010
Con76,Estoril,30494-080
Con77,Pilar,30390-000
Con78,Jardim America,30421-340
Con79,Lourdes,30140-098
Con80,Santa Rosa,31255-700
Con81,Floresta,30150-221
Con82,Carlos Prates,30710-010
Con83,Lagoinha,31210-120
Con84,Carlos Prates,30710-140
Con85,Sao Pedro,30330-050
Con86,Guarani,31840-220
Con87,Floresta,30150-221
Con88,Alto dos Pinheiros,30530-560
Con89,Santa Monica,31520-395
Con90,Coracao Eucaristico,30535-610
Con91,Tirol Barreiro,30662-060
Con92,Centro,30190-050
Con93,Funcionarios,30110-028
Con94,Centro,30130-002
Con95,Prado,30410-450
Con96,Cidade Nova,31170-193
Con97,Prado,30411-115
Con98,Distrito Industrial do Jatoba Barre,30670-845
Con99,Gameleira,30510-000
Con100,Caicara-Adelaide,30770-420
Con101,Serra,30220-000
Con102,Lourdes,30140-082
Con103,ARAGUAIA,30624-000
Con104,Santo Agostinho,30190-120
Con105,Ouro Preto,31310-240
Con106,Centro,30180-100
Con107,Prado,30110-063
Con108,Buritis,30575-180
Con109,Serra,30220-000
Con110,Centro,30190-051
Con111,Jonas Veiga,30285-422
Con112,Indaia,31270-065
Con113,Nova Cachoeirinha,31230-240
Con114,Pilar,30390-100
Con115,Estoril,30494-170
Con116,Maria Virginia,31155-680
Con117,CDI Jatoba Barreiro,30664-002
Con118,Funcionarios,30130-151
Con119,Sao Bento,30350-563
Con120,Jardim America,30455-150
Con121,Dom Bosco,30850-453
Con122,Padre Eustaquio,30730-430
Con123,Itapoa,31710-350
Con124,Nossa Senhora da Conceicao,30240-110
Con125,Santa Branca,31565-370
Con126,Planalto,31720-300
Con127,Ouro Preto,31340-090
Con128,Nova Granada,30431-270
Con129,Havai,30570-270
Con130,Gloria,30870-180
Con131,Pilar,30390-000
Con132,Jardim Vitoria,31975-334
Con133,Cachoeirinha,31150-200
Con134,California,30855-450
Con135,Santa Efigenia,30150-320
Con136,Sao Marcos,31920-610
Con137,Joao Pinheiro,30530-240
Con138,Estrela do Oriente,30580-180
Con139,MANACAS,30840-500
Con140,Grajau,30431-163
Con141,Funcionarios,30140-910
Con142,Padre Eustaquio,30730-440
Con143,Savassi,30130-168
Con144,Cidade Nova,31170-340
Con145,Santa Lucia,30360-530
Con146,Primeiro de Maio,31810-350
Con147,Santa Monica,31525-160
Con148,Centro,30180-100
Con149,Bandeirantes Pampulha,31365-780
Con150,Pindorama,30865-490
Con151,Santa Tereza,31015-104
Con152,Carlos Prates,30710-020
Con153,Floresta,30110-008
Con154,CARLOS PRATES,30670-565
Con155,Coracao de Jesus,30380-640
Con156,Padre Eustaquio,30720-400
Con157,Juliana,31744-599
Con158,Luxemburgo,30380-420
Con159,Olhos D'Agua,30390-082
Con160,Lindeia,30690-010
Con161,Castelo,30840-372
Con162,Centro,30190-080
Con163,Mantiqueira,31655-050
Con164,California,30855-450
Con165,Jardim Guanabara,31742-248
Con166,Carlos Prates,30710-080
Con167,Jardim America,30421-476
Con168,Trevo,31370-670
Con169,Nova Vista,31070-080
Con170,Diamante Barreiro,30660-318
Con171,Santo Antonio,30350-060
Con172,Planalto,31730-768
Con173,Boa Vista,31060-250
Con174,Lindeia Barreiro,30690-010
Con175,Santa Terezinha,31360-040
Con176,Jardim America,30421-386
Con177,Copacabana,31550-430
Con178,Sao Bento,30350-563
Con179,Coracao Eucaristico,30535-610
Con180,Cenaculo,31615-460
Con181,Goiania,31960-315
Con182,Santa Rosa,31255-540
Con183,Santa Terezinha,31365-190
Con184,Coqueiros,30881-202
Con185,Concordia,31110-580
Con186,SAO FRANCISCO,31255-050
Con187,Tirol Barreiro,30662-140
Con188,Santa Monica,31525-100
Con189,CARMO,30310-000
Con190,Ribeiro de Abreu,31870-480
Con191,Alto Barroca,30430-490
Con192,Prado,30411-117
Con193,Piratininga Venda Nova,31573-140
Con194,Sao Geraldo,31050-570
Con195,Carmo,30330-000
Con196,Cachoeirinha,31130-100
Con197,Sagrada Familia,31030-211
Con198,Nova Cachoeirinha,31250-370
Con199,Milionarios Barreiro,30620-110
Con200,Guarani,31840-220
Con201,Savassi,30112-010
Con202,Salgado Filho,30550-140
Con203,Sao Francisco,31255-240
Con204,Vila Oeste,30532-065
Con205,Jardim Montanhes,30750-040
Con206,Jardim Montanhes,30750-040
Con207,ALTO DOS PINHEIROS,30530-100
Con208,Sion,30315-560
Con209,Centro,30180-110
Con210,Sagrada Familia,31030-220
Con211,Pilar,30390-000
Con212,Sagrada Familia,31030-470
Con213,Calafate,30411-535
Con214,Camargos,30520-410
Con215,Sao Geraldo,31050-530
Con216,Sao Bento,30350-530
Con217,Sao Bernardo,31741-430
Con218,Carlos Prates,30710-340
Con219,Padre Eustaquio,30730-130
Con220,Sao Paulo,31910-060
Con221,Sao Francisco,31255-200
Con222,Itapoa,31710-000
Con223,Ouro Preto,31320-390
Con224,Nova Cachoeirinha,31230-240
Con225,CASTELO,31330-330
Con226,Santa Lucia,30350-570
Con227,Santa Lucia,30360-670
Con228,Penha,31920-300
Con229,Mantiqueira,31655-090
Con230,Funcionarios,30110-035
Con231,Jaragua,31270-414
Con232,Cardoso Barreiro,30626-710
Con233,Tupi,31844-200
Con234,Camargos,30520-220
Con235,Nova Vista,31070-225
Con236,Bonsucesso Barreiro,30622-280
Con237,Minaslandia P Maio,31812-020
Con238,CORACAO EUCARISTICO,30535-580
Con239,Nossa Senhora da Conceicao,30220-431
Con240,Joao Paulo II Barreiro,30660-585
Con241,Palmeiras,30575-470
Con242,Centro,30170-130
Con243,Tirol Barreiro,30662-420
Con244,SION,30310-000
Con245,Pilar,30390-090
Con246,MinaslAndia P Maio,31812-020
Con247,Santa Margarida Barreiro,30640-230
Con248,Cachoeirinha,31130-082
Con249,Coracao de Jesus,30380-262
Con250,Copacabana,31540-550
Con251,Gloria,30870-240
Con252,Nova Gameleira,30510-180
Con253,Castelo,31330-430
Con254,Funcionarios,30110-028
Con255,Cachoeirinha,31150-130
Con256,Santa Amelia,31555-290
Con257,Prado,30411-235
Con258,Concordia,31110-780
Con259,Santa Cruz,31150-690
Con260,Gloria,30870-120
Con261,Dona Clara,31260-060
Con262,Mangabeiras,30210-340
Con263,Candelaria,31535-522
Con264,Piratininga Venda Nova,31573-080
Con265,Teixeira Dias Barreiro,30644-170
Con266,Alto Caicaras,30750-410
Con267,Petropolis Barreiro,30666-475
Con268,Savassi,30140-131
Con269,Bonfim,31210-430
Con270,Fernao Dias,31910-430
Con271,Barro Preto,30140-083
Con272,Santo Antonio,30330-110
Con273,Jaragua,31270-470
Con274,SANTA MONICA,31535-000
Con275,Ouro Preto,31310-140
Con276,Betania,30580-400
Con277,Dom Cabral,30535-100
Con278,Itaipu Barreiro,30692-450
Con279,Goiania,31950-000
Con280,Lourdes,30140-061
Con281,JARDINOPOLIS,30532-050
Con282,Miramar Barreiro,30644-100
Con283,Santa Ines,31080-210
Con284,Sao Joao Batista Venda Nova,31515-220
Con285,Lourdes,30180-101
Con286,Cidade Nova,31170-240
Con287,Goiania,31950-430
Con288,Barreiro,30640-550
Con289,CASTELO,31330-290
Con290,Funcionarios,30140-060
Con291,Padre Eustaquio,30720-310
Con292,Belvedere,30320-690
Con293,Heliopolis,31741-545
Con294,Cachoeirinha,31130-090
Con295,Piratininga Venda Nova,31535-280
Con296,Santa Tereza,31010-190
Con297,Santo Agostinho,30110-062
Con298,Santa Monica,31525-000
Con299,Sao Geraldo,31050-225
Con300,Sagrada Familia,31030-220
Con301,Engenho Nogueira,31310-295
Con302,Aparecida,31235-160
Con303,Confisco,31360-460
Con304,Ouro Preto,31310-390
Con305,Santa Branca,31565-510
Con306,Lourdes,30170-013
Con307,Renascenca,31130-750
Con308,GUTIERREZ,30441-001
Con309,Sao Geraldo,31050-670
Con310,Cidade Jardim,30380-020
Con311,Sao Francisco,31255-180
Con312,PRADO,30411-030
Con313,Alto Barroca,30460-000
Con314,Coracao Eucaristico,30535-460
Con315,SAO CRISTOVAO,31130-050
Con316,Sao Geraldo,31050-680
Con317,Madre Gertrudes,30512-720
Con318,Minaslandia P Maio,31812-030
Con319,Silveira,31140-540
Con320,Estoril,30494-170
Con321,Padre Eustaquio,30720-380
Con322,Estoril,30455-610
Con323,Lindeia Barreiro,30692-180
Con324,Gutierrez,30410-000
Con325,Buritis,30575-120
Con326,Jardim Vitoria,31975-272
Con327,Sao Francisco,31255-050
Con328,Nazare,31990-055
Con329,Funcionarios,30110-928
Con330,Padre Eustaquio,30720-420
Con331,Jardim Vitoria,31975-220
Con332,Cruzeiro,30310-160
Con333,Sao Cristovao,31110-460
Con334,Jardim Montanhes,30750-150
Con335,Carlos Prates,30710-020
Con336,Jardim America,30455-040
Con337,Uniao,31170-560
Con338,Sao Gabriel,31980-650
Con339,Itapoa,31710-570
Con340,Santa Cruz,31150-610
Con341,Castelo,30840-460
Con342,Renascenca,31130-560
Con343,Sagrada Familia,31030-360
Con344,Savassi,30130-138
Con345,Planalto,31730-570
Con346,Calafate,30411-295
Con347,Carmo,30310-370
Con348,Buritis,30493-180
Con349,SION,30315-380
Con350,Ouro Preto,31340-000
Con351,Centro,30190-901
Con352,Flavio Marques Lisboa Barreiro,30620-470
Con353,Engenho Nogueira,31310-260
Con354,Centro,30120-076
Con355,Paraiso,30270-190
Con356,Nova Suissa,30421-223
Con357,Casa Branca,31050-170
Con358,Belvedere,30320-730
Con359,Bonfim,31210-240
Con360,Dona Clara,31260-340
Con361,Nova Vista,31070-200
Con362,Serra,30220-380
Con363,Maria Helena,31655-510
Con364,Santa Efigenia,30240-420
Con365,Sagrada Familia,31030-010
Con366,Europa,31620-295
Con367,Padre Eustaquio,30730-500
Con368,Alto Caicaras,30775-070
Con369,Padre Eustaquio,30730-080
Con370,Salgado Filho,30550-000
Con371,Cidade Jardim,30380-174
Con372,Santa Lucia,30350-577
Con373,Ouro Preto,31310-240
Con374,Jardim Leblon,31540-500
Con375,Inconfidencia,30820-272
Con376,CASTANHEIRA II (VALE DO JATOBA),30670-020
Con377,Funcionarios,30130-007
Con378,Funcionarios,30130-918
Con379,Belvedere,30320-670
Con380,Serrano,30881-530
Con381,Alpes,30450-330
Con382,Camargos,30520-100
Con383,Betania,30580-490
Con384,Santa Maria,30525-190
Con385,Carlos Prates,30710-530
Con386,Pompeia,30285-010
Con387,Padre Eustaquio,30720-440
Con388,Jatoba Barreiro,30692-675
Con389,Serrano,30882-340
Con390,Prado,30411-177
Con391,Bandeirantes Pampulha,31340-470
Con392,Vila Paris,30380-660
Con393,Goiania,31950-090
Con394,Indaia,31270-020
Con395,Santo Antonio,30330-120
Con396,Carlos Prates,30710-580
Con397,Nova Suissa,30421-284
Con398,Jardim Montanhes,30750-000
Con399,Nova Cintra,30516-270
Con400,Carlos Prates,30710-260
Con401,California,30855-440
Con402,Distrito Industrial do JatobA Barre,30668-274
Con403,Esplanada,30280-090
Con404,Sagrada Familia,31035-460
Con405,Pongelupe Barreiro,30628-000
Con406,Cinquentenario,30570-000
Con407,Sao Francisco,31255-180
Con408,Coracao de Jesus,30380-190
Con409,Indaia,31270-020
Con410,Caicaras,30770-010
Con411,Dom Silverio,31985-480
Con412,Rio Branco,31530-574
Con413,Planalto,31720-160
Con414,Fernao Dias,31910-540
Con415,Lourdes,30170-012
Con416,Sagrada Familia,31035-400
Con417,Sagrada FamAlia,31030-220
Con418,Minaslandia P Maio,31812-160
Con419,Barro Preto,30190-003
Con420,Olhos D'Agua,30390-076
Con421,Centro,30160-041
Con422,Prado,30411-032
Con423,Santo Antonio,30350-213
Con424,Belvedere,30320-390
Con425,Savassi,30130-141
Con426,Sao Pedro,30330-050
Con427,Pilar,30390-012
Con428,Pompeia,30280-420
Con429,Sao Joao Batista Venda Nova,31515-252
Con430,Estoril,30494-270
Con431,Nova Suissa,30421-188
Con432,Vila Oeste,30532-140
Con433,Centro,30190-922
Con434,Luxemburgo,30380-410
Con435,Jaqueline,31785-110
Con436,Sagrada Familia,31030-490
Con437,Santa Amelia,31560-220
Con438,Barro Preto,30110-068
Con439,BAIRRO DAS MANSOES,30380-403
Con440,Funcionarios,30140-060
Con441,Tirol Barreiro,30662-090
Con442,Centro,30160-011
Con443,Santo Antonio,30350-050
Con444,Sao Jose,31275-190
Con445,Colegio Batista,31110-270
Con446,Jonas Veiga,30285-385
Con447,Jardim Filadelfia,30865-280
Con448,Sao Gabriel,31985-090
Con449,Santo Antonio,30350-230
Con450,Monsenhor Messias,30720-460
Con451,Barreiro,30640-110
Con452,Ermelinda,31250-290
Con453,Gutierrez,30441-127
Con454,Industrias I Barreiro,30610-000
Con455,Fernao Dias,31920-240
Con456,Cidade Nova,31170-070
Con457,Goiania,31960-300
Con458,Sao Joao Batista Venda Nova,31515-410
Con459,Lourdes,30180-150
Con460,Conjunto Celso Machado,30882-160
Con461,Sagrada Familia,31035-340
Con462,Jardim Atlantico,31550-000
Con463,Alto CaiAaras,30775-480
Con464,Caicara-Adelaide,30720-340
Con465,Serrano,30882-665
Con466,Vila Pinho Vale do Jatoba Barreiro,30670-050
Con467,Carlos Prates,30710-460
Con468,Dona Clara,31260-140
Con469,Coracao de Jesus,30380-190
Con470,Independencia Barreiro,30672-220
Con471,Sao Francisco,31255-190
Con472,Caicaras,30770-190
Con473,Santa Ines,31080-040
Con474,Jardim Leblon,31540-200
Con475,Serrano,30882-710
Con476,Diamante Barreiro,30627-065
Con477,Ceu Azul,31580-000
Con478,Jaragua,31270-370
Con479,Nazare,31990-000
Con480,Independencia Barreiro,30672-030
Con481,Betania,30514-460
Con482,Centro,30160-040
Con483,Carlos Prates,30710-662
Con484,Paulo VI,31995-270
Con485,Goiania,31960-460
Con486,Guarani,31840-170
Con487,Vila Paris,30380-752
Con488,Dom Silverio,31960-000
Con489,Castelo,31330-430
Con490,Cinquentenario,30570-000
Con491,Alto dos Pinheiros,30530-110
Con492,Araguaia,30620-410
Con493,Gutierrez,30441-152
Con494,Joao Pinheiro,30530-140
Con495,Santa Ines,31080-255
Con496,Sao Jose,31275-010
Con497,Sao Francisco,31255-170
Con498,Santa Monica,31530-270
Con499,Padre Eustaquio,30730-250
Con500,Serra,30220-090
Con501,Inconfidencia,30820-272
Con502,Caicaras,30770-480
Con503,Barreiro,30640-000
Con504,Sagrada Familia,31030-211
Con505,Buritis,30575-170
Con506,Funcionarios,30140-002
Con507,Nova Suissa,30421-096
Con508,Venda Nova,31510-405
Con509,Sao Jose,31275-020
Con510,Barreiro,30640-095
Con511,Nova Suissa,30421-005
Con512,Santa Branca,31565-120
Con513,Aeroporto,31270-650
Con514,Distrito Industrial do Jatoba Barre,30668-273
Con515,Piratininga Venda Nova,31573-550
Con516,Sao Francisco,31255-170
Con517,PEDRO II,30710-010
Con518,Estoril,30494-080
Con519,California,30855-450
Con520,Caicaras,30770-162
Con521,Padre Eustaquio,30720-450
Con522,Estoril,30494-080
Con523,Centro,30170-120
Con524,Sion,30310-600
Con525,Planalto,31730-500
Con526,Cidade Jardim,30380-080
Con527,Camargos,30520-300
Con528,Lourdes,30170-002
Con529,Centro,30180-114
Con530,Gloria,30870-100
Con531,Industrias I Barreiro,30610-050
Con532,Estoril,30455-610
Con533,Serra,30210-480
Con534,Etelvina Carneiro,31746-140
Con535,Milionarios Barreiro,30620-050
Con536,Sion,30310-300
Con537,TAQUARIL,30275-240
Con538,Centro,30180-100
Con539,Jardim dos Comerciarios Venda Nova,31630-660
Con540,SERRA DO CURRAL,30390-000
Con541,Savassi,30140-140
Con542,Funcionarios,30150-285
Con543,Joao Pinheiro,30530-140
Con544,Lourdes,30110-044
Con545,Maria Goretti,31930-540
Con546,Bom Jesus,31235-000
Con547,Jardim dos Comerciarios Venda Nova,31640-680
Con548,Floramar,31840-300
Con549,Santo Antonio,30350-060
Con550,Conjunto Lagoa,31365-050
Con551,Nova Suissa,30421-257
Con552,Palmares,31160-530
Con553,Barro Preto,30190-130
Con554,Anchieta,30310-430
Con555,Floramar,31742-096
Con556,Sao Cristovao,31110-492
Con557,Paraiso,30270-210
Con558,Vista do Sol,31990-590
Con559,Lagoinha Leblon Venda Nova,31575-460
Con560,Lourdes,30170-090
Con561,Havai,30575-000
Con562,Horto Florestal,31035-201
Con563,Jardim Vitoria,31970-643
Con564,NOVO SAO LUCAS,30240-510
Con565,Heliopolis,31741-480
Con566,Ouro Minas,31870-140
Con567,Buritis,30575-280
Con568,Vera Cruz,30285-520
Con569,Padre Eustaquio,30720-170
Con570,Palmeiras,30575-600
Con571,Alto dos Pinheiros,30530-080
Con572,Santo Andre,31210-590
Con573,Jardim Felicidade,31742-406
Con574,Tupi B,31844-180
Con575,Casa Branca,31050-260
Con576,California,30855-140
Con577,Lagoinha,31110-422
Con578,Dom Bosco,30850-650
Con579,Maria Goretti,31930-540
Con580,Aparecida,31235-012
Con581,Santo AntAnio,30330-180
Con582,Ceu Azul,31580-090
Con583,Betania,30590-280
Con584,Dona Clara,31260-260
Con585,DONA CLARA,31255-810
Con586,FLORESTA,31150-090
Con587,PEDRO II,30770-170
Con588,COQUEIROS,30880-452
Con589,Boa Vista,31060-440
Con590,Marajo,30570-160
Con591,Colegio Batista,31110-110
Con592,Santa Margarida Barreiro,30640-320
Con593,Flavio Marques Lisboa Barreiro,30624-000
Con594,Sao Bento,30350-530
Con595,Centro,30130-003
Con596,Inconfidencia,30820-363
Con597,Venda Nova,31615-310
Con598,Lourdes,30140-072
Con599,Gloria,30830-450
Con600,Lourdes,30170-001
Con601,Cruzeiro,30310-090
Con602,Serra,30220-260
Con603,Caicaras,31250-900
Con604,Liberdade,31270-320
Con605,Ouro Preto,31330-500
Con606,Conjunto California,30850-540
Con607,Fernao Dias,31170-545
Con608,Boa Viagem,30130-160
Con609,Palmeiras,30575-380
Con610,Uniao,31170-680
Con611,Joao Pinheiro,30530-160
Con612,Nova Gameleira,30510-170
Con613,Manacas,30840-700
Con614,Serra,30220-000
Con615,BONSUCESSO,30622-070
Con616,Jardim America,30421-452
Con617,Rio Branco,31530-550
Con618,Sao Francisco,31255-210
Con619,PEDRA BRANCA,31652-310
Con620,DISTRITO INDUSTRIAL (VALE DO JATOBA,30668-273
Con621,Colegio Batista,31170-800
Con622,Conjunto Ademar Maldonado Barreiro,30640-630
Con623,Centro,30180-005
Con624,Santa Lucia,30360-690
Con625,Cabana do Pai Tomas,30512-660
Con626,Uniao,31170-660
Con627,Minaslandia,31812-000
Con628,Vila Oeste,30532-000
Con629,Itatiaia,31360-700
Con630,Floresta,31110-160
Con631,Vale do Jatoba (Barreiro),30664-260
Con632,Bandeirantes,31340-505
Con633,Coracao Eucaristico,30535-460
Con634,Lourdes,30140-082
Con635,Salgado Filho,30550-210
Con636,Santa Rosa,31255-550
Con637,Estoril,30494-275
Con638,Buritis,30575-815
Con639,Carlos Prates,30710-020
Con640,Aparecida,31235-190
Con641,Nova Suissa,30421-265
Con642,Centro,30180-106
Con643,Sao Bernardo,31741-435
Con644,Santa Ines,31060-090
Con645,Sion,30320-080
Con646,Camargos,30520-450
Con647,Mantiqueira,31660-290
Con648,Lindeia Barreiro,30690-010
Con649,Castelo,30840-490
Con650,Sao Bento,30350-650
Con651,Sao Salvador,30881-292
Con652,Belvedere,30320-690
Con653,Barro Preto,30140-062
Con654,Lourdes,30170-001
Con655,Aparecida,31235-010
Con656,Cachoeirinha,31150-000
Con657,Lourdes,30180-120
Con658,Guarani,31840-110
Con659,Uniao,31170-660
Con660,Jaragua,31270-520
Con661,Heliopolis,31741-545
Con662,Carlos Prates,30710-470
Con663,Padre Eustaquio,30720-380
Con664,Havai,30555-200
Con665,TIROL,30662-750
Con666,Santa Tereza,31010-360
Con667,Joao Pinheiro,30530-170
Con668,Jardim America,30421-372
Con669,Piratininga Venda Nova,31573-370
Con670,Lourdes,30170-081
Con671,Buritis,30492-015
Con672,Ouro Preto,31320-330
Con673,Pompeia,30280-460
Con674,Minas Brasil,30730-390
Con675,Santa Monica,31530-270
Con676,Estoril,30494-080
Con677,Centro,30180-000
Con678,Salgado Filho,30550-060
Con679,Prado,30411-160
Con680,Concordia,31110-680
Con681,Barreiro,30640-020
Con682,Aparecida,31235-080
Con683,Estrela do Oriente,30580-040
Con684,Sion,30320-080
Con685,Lagoinha Leblon Venda Nova,31575-100
Con686,Sagrada Familia,31030-430
Con687,Caicaras,31230-090
Con688,Candelaria,31510-240
Con689,Ipiranga,31160-440
Con690,Castelo,31330-430
Con691,Sao Bento,30350-532
Con692,Carmo,30310-770
Con693,Santa Efigenia,30150-270
Con694,Nova Cachoeirinha,31250-360
Con695,Goiania,31950-280
Con696,Santa Branca,31565-100
Con697,Buritis,30575-857
Con698,Santa Efigenia,30150-281
Con699,Alipio de Melo,30830-570
Con700,Padre Eustaquio,30730-530
Con701,Belvedere,30320-690
Con702,Nova Suissa,30421-310
Con703,Coracao Eucaristico,30535-460
Con704,Jardim Montanhes,30750-010
Con705,Caicaras,31230-070
Con706,Nova Granada,30431-320
Con707,Cidade Nova,31170-220
Con708,Renascenca,31130-760
Con709,Pampulha,31365-450
Con710,Santa Tereza,31010-040
Con711,Primeiro de Maio,31810-350
Con712,Vila Oeste,30532-140
Con713,Castelo,31330-320
Con714,Buritis,30575-815
Con715,Goiania,31960-315
Con716,Sao Luiz,31270-740
Con717,Sao Francisco,31255-200
Con718,Nova Floresta,31140-310
Con719,Castelo,31330-240
Con720,Estoril,30494-310
Con721,Sao Luiz,31310-060
Con722,Itapoa,31710-000
Con723,Caicaras,30775-110
Con724,Guarani,31840-430
Con725,Estoril,30494-150
Con726,Rio Branco,31535-000
Con727,Lourdes,30140-061
Con728,Dona Clara,31260-230
Con729,Castelo,30840-370
Con730,Floramar,31840-030
Con731,Coracao de Jesus,30380-610
Con732,Serra,30240-000
Con733,Castelo,31330-180
Con734,Sao Pedro,30330-160
Con735,SANTO AGOSTINHO,30140-092
Con736,Sao Gabriel,31980-320
Con737,Lindeia Barreiro,30690-750
Con738,Betania,30580-260
Con739,Carlos Prates,30710-390
Con740,Lourdes,30180-160
Con741,Bandeirantes Pampulha,31365-390
Con742,Santa Efigenia,30140-040
Con743,Vila Cloris,31760-000
Con744,Cardoso Barreiro,30626-380
Con745,Anchieta,30310-490
Con746,Santa Branca,31565-370
Con747,Padre Eustaquio,30720-260
Con748,Santa Terezinha,31360-120
Con749,Centro,30170-000
Con750,Cachoeirinha,31130-770
Con751,Sao Gabriel,31985-080
Con752,Centro,30170-121
Con753,Serrano,30882-630
Con754,Santa Margarida Barreiro,30640-230
Con755,Buritis,30492-040
Con756,Colegio Batista,31110-010
Con757,Alipio de Melo,30830-670
Con758,BETANIA,30580-230
Con759,Serra,30240-010
Con760,Colegio Batista,31110-240
Con761,Sao Jose,31275-030
Con762,Sagrada Familia,31035-540
Con763,Minas Brasil,30730-230
Con764,Colegio Batista,31110-000
Con765,SANTO ANTONIO,30110-035
Con766,Dona Clara,31260-210
Con767,Centro,30190-000
Con768,Floresta,31015-350
Con769,Santa Ines,31080-255
Con770,Serra,30220-280
Con771,Lourdes,30180-101
Con772,Centro,30160-031
Con773,Aparecida,31235-160
Con774,Comiteco,30315-030
Con775,Gloria,30880-140
Con776,Castelo,31330-142
Con777,Vista do Sol,31990-520
Con778,Lourdes,30140-069
Con779,Belvedere,30320-660
Con780,Lourdes,30160-035
Con781,Padre Eustaquio,30720-450
Con782,Boa Vista,31060-460
Con783,Santa Lucia,30360-390
Con784,Pampulha,31270-330
Con785,Barro Preto,30190-003
Con786,CASTELO,31330-180
Con787,Santa Lucia,30360-230
Con788,Piratininga Venda Nova,31573-100
Con789,Maria Goretti,31930-492
Con790,Coracao Eucaristico,30535-620
Con791,Mantiqueira,31660-290
Con792,Cachoeirinha,31130-140
Con793,Centro,30111-060
Con794,Santa Branca,31565-380
Con795,Nova Cintra,30516-330
Con796,Santa Terezinha,31360-120
Con797,CONJUNTO PAULO VI,31995-440
Con798,Santa Lucia,30360-310
Con799,Carlos Prates,30710-280
Con800,Nova Suissa,30421-232
Con801,Conjunto Celso Machado,30882-250
Con802,Joao Pinheiro,30530-390
Con803,Paqueta,31330-470
Con804,Boa Vista,31070-320
Con805,Gloria,30870-100
Con806,Planalto,31720-300
Con807,Engenho Nogueira,31320-580
Con808,Sao Jose,31275-020
Con809,Santo Agostinho,30190-120
Con810,Coracao Eucaristico,30535-610
Con811,Vitoria,31970-745
Con812,Sion,30310-300
Con813,Jardim Vitoria,31970-570
Con814,Santa Efigenia,30150-224
Con815,Santo Agostinho,30190-120
Con816,Calafate,30411-325
Con817,Santo Antonio,30330-230
Con818,Estoril,30494-170
Con819,Liberdade,31270-300
Con820,Nazare,31990-055
Con821,Renascenca,31130-650
Con822,Sion,30320-010
Con823,Sao Jose,31275-020
Con824,Funcionarios,30130-151
Con825,Funcionarios,30140-080
Con826,Santo Andre,31210-580
Con827,Santo Antonio,30350-090
Con828,Dona Clara,31260-230
Con829,Jardim dos Comerciarios Venda Nova,31640-000
Con830,Nova Suissa,30421-012
Con831,Santa Monica,31520-420
Con832,Jardim America,30421-389
Con833,JARDIM ATLANTICO,31555-000
Con834,Barro Preto,30180-074
Con835,Carlos Prates,30710-010
Con836,Estoril,30494-080
Con837,Camargos,30525-480
Con838,Buritis,30575-817
Con839,Padre Eustaquio,30720-180
Con840,Jardim Sao Jose,30820-170
Con841,Betania,30590-120
Con842,Barreiro,30640-000
Con843,Granja de Freitas,30285-240
Con844,Caicaras,30775-520
Con845,Horto,31030-072
Con846,Nova Floresta,31140-260
Con847,Piratininga Venda Nova,31573-340
Con848,Floramar,31742-075
Con849,Savassi,30140-130
Con850,Engenho Nogueira,31320-000
Con851,Castelo,30840-480
Con852,Centro,30170-131
Con853,Centro,30190-030
Con854,Sao Bento,30350-400
Con855,Buritis,30575-740
Con856,Carlos Prates,30710-020
Con857,Lourdes,30180-111
Con858,Sao Pedro,30330-160
Con859,Centro,30170-110
Con860,Belvedere,30320-410
Con861,Sion,30315-500
Con862,Centro,30190-912
Con863,Sao Salvador,30881-460
Con864,Satelite,31748-025
Con865,Castelo,30840-372
Con866,Centro,30170-080
Con867,Sao Francisco,31255-210
Con868,Salgado Filho,30550-350
Con869,Calafate,30411-545
Con870,Milionarios,30620-110
Con871,Santa Amelia,31555-050
Con872,Buritis,30493-140
Con873,Prado,30410-600
Con874,Prado,30411-156
Con875,Jardim dos Comerciarios Venda Nova,31640-005
Con876,Manacas,30840-563
Con877,Padre Eustaquio,30720-350
Con878,Santo Agostinho,30140-094
Con879,Luxemburgo,30380-342
Con880,Santo Antonio,30350-220
Con881,SAGRADA FAMILIA,31030-330
Con882,Santa Cruz,31150-260
Con883,Lourdes,30180-160
Con884,Castelo,31330-290
Con885,Sao Francisco,31250-810
Con886,Estrela do Oriente,30580-300
Con887,Aparecida Setima Secao,31250-115
Con888,Indaia,31270-020
Con889,Centro,30180-100
Con890,Uniao,31170-460
Con891,Jardim Felicidade,31742-665
Con892,Lourdes,30180-101
Con893,Santo Agostinho,30180-121
Con894,Concordia,31110-600
Con895,Santa Cruz,31150-260
Con896,Tirol Barreiro,30662-220
Con897,Santa Cecilia Vale do Jatoba Barrei,30668-350
Con898,Santa Lucia,30350-614
Con899,Nova Suissa,30421-056
Con900,Cruzeiro,30310-080
Con901,MINASCAIXA,31615-260
Con902,Alipio de Melo,30830-550
Con903,Comiteco,30315-350
Con904,Jardim Guanabara,31742-273
Con905,Sagrada Familia,31035-470
Con906,Lourdes,30140-092
Con907,ITAPUA,30670-565
Con908,LOURDES,30140-074
Con909,Prado,30411-186
Con910,Santa Amelia,31560-110
Con911,Caicaras,30775-330
Con912,Carmo,30310-760
Con913,MANGUEIRAS,30666-472
Con914,ZONA RURAL,35498-000
Con915,ItapoA,31710-550
Con916,Concordia,31110-656
Con917,Frei Leopoldo,31746-065
Con918,Carlos Prates,30710-230
Con919,Savassi,30140-131
Con920,Floresta,30150-040
Con921,Estoril,30494-270
Con922,Buritis,30575-817
Con923,Luxemburgo,30380-400
Con924,Estoril,30494-085
Con925,Santa Efigenia,30240-390
Con926,Santo Agostinho,30180-165
Con927,VILA ADELAIDE,30770-370
Con928,Dom Bosco,30850-620
Con929,Piratininga Venda Nova,31573-030
Con930,Juliana,31744-678
Con931,Sagrada Familia,31030-211
Con932,FREI EUSTAQUIO,30830-280
Con933,Carmo,30310-730
Con934,Sao Jose,31275-050
Con935,Santa Lucia,30360-450
Con936,Sao Geraldo,31060-570
Con937,Cidade Jardim,30380-180
Con938,Barreiro,30640-150
Con939,Palmares,31155-660
Con940,Santa Amelia,31550-260
Con941,Sao Joao Batista Venda Nova,31515-310
Con942,Maria Virginia,31155-550
Con943,Santa Efigenia,30150-320
Con944,Sao Cristovao,31210-690
Con945,Barro Preto,30180-070
Con946,Centro,30170-120
Con947,Savassi,30130-174
Con948,Lourdes,30160-032
Con949,Sao Salvador,30881-440
Con950,Barreiro,30640-080
Con951,Sao Francisco,31255-170
Con952,Belvedere,30320-690
Con953,Cidade Nova,31170-070
Con954,Buritis,30493-010
Con955,Centro,30170-133
Con956,Belvedere,30320-540
Con957,Universitario,31255-460
Con958,Lourdes,30140-074
Con959,Lourdes,30140-069
Con960,Luxemburgo,30380-403
Con961,Goiania,31950-380
Con962,ALVARO CAMARGOS,30860-120
Con963,Serrano,30882-655
Con964,Dom Silverio,31985-203
Con965,Santo Antonio,30350-090
Con966,Copacabana,31550-500
Con967,Maria Virginia,31155-330
Con968,Estoril,30494-170
Con969,Lourdes,30180-150
Con970,Estoril,30494-085
Con971,Horto Florestal,31035-190
Con972,Cruzeiro,30130-009
Con973,Heliopolis,31741-500
Con974,Vila Oeste,30532-097
Con975,Parque Sao Pedro Venda Nova,31610-140
Con976,Padre Eustaquio,30730-430
Con977,SANTA EFIGENIA,30150-220
Con978,Tupi B,31844-130
Con979,Ouro Preto,31310-130
Con980,Vista Alegre,30518-020
Con981,Paqueta,31330-472
Con982,Centro,30111-020
Con983,Centro,30190-005
Con984,Buritis,30575-857
Con985,Sagrada Familia,31030-220
Con986,Funcionarios,30140-080
Con987,Centro,30180-100
Con988,Jardim Leblon,31540-480
Con989,Dom Bosco,30850-650
Con990,Padre Eustaquio,30720-402
Con991,Vila Paris,30380-752
Con992,Funcionarios,30150-311
Con993,Bandeirantes Pampulha,31340-470
Con994,Buritis,30575-275
Con995,Nova Granada,30431-320
Con996,Barreiro,30640-050
Con997,Sion,30315-510
Con998,Savassi,30130-167
Con999,Lourdes,30160-032
Con1000,Caicara-Adelaide,30720-530
Con1001,Sao Geraldo,31050-550
Con1002,Centro,30190-000
Con1003,Pindorama,30880-345
Con1004,Funcionarios,30110-028
Con1005,Gutierrez,30441-141
Con1006,Santa Efigenia,30150-240
Con1007,Nova Suissa,30421-125
Con1008,Belvedere,30320-380
Con1009,Sao Bento,30350-563
Con1010,Castelo,31330-290
Con1011,Uniao,31160-370
Con1012,Belvedere,30320-670
Con1013,Centro,30190-922
Con1014,Nova Floresta,31140-220
Con1015,Lourdes,30140-092
Con1016,Santa Efigenia,30260-260
Con1017,Serra,30220-290
Con1018,Barreiro,30640-000
Con1019,Funcionarios,30110-931
Con1020,Serra,30220-000
Con1021,Castelo,31330-100
Con1022,Vila Paris,30380-725
Con1023,Sao Marcos,31920-600
Con1024,Buritis,30575-839
Con1025,Lourdes,30140-092
Con1026,Indaia,31270-150
Con1027,Anchieta,30310-520
Con1028,Gameleira,30510-190
Con1029,Cidade Nova,31170-110
Con1030,Prado,30411-223
Con1031,Santo Agostinho,30170-020
Con1032,Vila Cloris,31744-151
Con1033,Ipiranga,31160-253
Con1034,Carlos Prates,30710-543
Con1035,Barro Preto,30190-134
Con1036,Ipiranga,31160-015
Con1037,Sion,30315-450
Con1038,Gutierrez,30441-039
Con1039,Cachoeirinha,31150-070
Con1040,Castelo,31330-070
Con1041,Santo Antonio,30330-270
Con1042,Camargos,30520-540
Con1043,Sion,30310-800
Con1044,Barro Preto,30190-915
Con1045,Santo Antonio,30110-043
Con1046,Sion,30310-300
Con1047,Ouro Preto,31330-520
Con1048,Prado,30411-177
Con1049,Santo Agostinho,30180-165
Con1050,Dona Clara,31260-250
Con1051,Europa,31620-010
Con1052,Bonfim,31210-242
Con1053,Ipiranga,31140-590
Con1054,Floresta,30150-100
Con1055,Lourdes,30180-153
Con1056,Prado,30411-247
Con1057,Funcionarios,30140-003
Con1058,Floramar,31742-107
Con1059,Padre Eustaquio,30720-430
Con1060,Ceu Azul,31545-150
Con1061,Belvedere,30320-650
Con1062,Buritis,30575-180
Con1063,Ipiranga,31160-250
Con1064,BARRO PRETO,30140-093
Con1065,Carlos Prates,30710-602
Con1066,Sao Joao Batista Venda Nova,31520-000
Con1067,Engenho Nogueira,31320-610
Con1068,Olaria Barreiro,30660-280
Con1069,Camargos,30520-390
Con1070,Cachoeirinha,31150-440
Con1071,Rio Branco,31535-200
Con1072,Floresta,30110-005
Con1073,TUPI B,31840-050
Con1074,Santa Rosa,31255-620
Con1075,Graca,31140-030
Con1076,FLAVIO DE OLIVEIRA,30626-540
Con1077,Candelaria,31535-620
Con1078,Goiania,31970-082
Con1079,Nova Suissa,30421-239
Con1080,Santa Terezinha,31365-203
Con1081,Santa Tereza,31010-360
Con1082,Sao Pedro,30330-160
Con1083,Santo Agostinho,30190-131
Con1084,Serra,30240-000
Con1085,Diamante Barreiro,30660-015
Con1086,Buritis,30575-855
Con1087,Tirol,30662-060
Con1088,Boa Vista,31060-427
Con1089,Padre Eustaquio,30720-370
Con1090,Cidade Nova,31170-110
Con1091,Buritis,30575-820
Con1092,Boa Vista,31060-250
Con1093,Estoril,30494-310
Con1094,Monsenhor Messias,30720-492
Con1095,Tirol Barreiro,30662-290
Con1096,SION,30210-420
Con1097,Padre Eustaquio,30730-530
Con1098,Cachoeirinha,31130-220
Con1099,Belvedere,30320-200
Con1100,Savassi,30140-008
Con1101,Estoril,30494-085
Con1102,Estoril,30494-240
Con1103,Serra,30210-490
Con1104,Centro,30120-060
Con1105,DISTRITO INDUSTRIAL DO JATOBA,30670-020
Con1106,Santa Terezinha,31365-250
Con1107,Lagoinha Leblon Venda Nova,31575-460
Con1108,Caicara-Adelaide,30770-260
Con1109,Santo Antonio,30350-010
Con1110,ALTO DOS PINHEIROS,30530-300
Con1111,Buritis,30575-060
Con1112,Camargos,30520-540
Con1113,Nova Granada,30431-262
Con1114,Sao Francisco,31255-180
Con1115,Floramar,31742-093
Con1116,Santa Tereza,31010-220
Con1117,Sao Joao Batista Venda Nova,31520-100
Con1118,Centro,30120-060
Con1119,Santa Terezinha,31360-160
Con1120,Luxemburgo,30380-435
Con1121,Centro,30120-014
Con1122,Santa Amelia,31560-200
Con1123,Santo Agostinho,30180-098
Con1124,Nova Vista,31070-115
Con1125,Vale do Jatoba Barreiro,30664-260
Con1126,Indaia,31270-020
Con1127,Funcionarios,30130-918
Con1128,Santo Antonio,30350-070
Con1129,Carlos Prates,30710-010
Con1130,SANTA EFIGENIA,30270-330
Con1131,Funcionarios,30140-100
Con1132,Lindeia Barreiro,30690-050
Con1133,Industrias I Barreiro,30610-210
Con1134,Estoril,30494-310
Con1135,Belvedere,30320-690
Con1136,Nazare,31990-100
Con1137,Sao Luiz,31310-060
Con1138,Sagrada Familia,31035-570
Con1139,Prado,30411-177
Con1140,CDI Jatoba Barreiro,30664-002
Con1141,Castelo,31330-382
Con1142,Serra,30220-000
Con1143,Carlos Prates,30710-160
Con1144,Savassi,30130-138
Con1145,Ceu Azul,31545-330
Con1146,Savassi,30112-010
Con1147,Centro,30130-923
Con1148,Ipiranga,31140-590
Con1149,Prado,30411-127
Con1150,Uniao,31160-310
Con1151,Funcionarios,30112-020
Con1152,Padre Eustaquio,30720-410
Con1153,Santo Antonio,30110-043
Con1154,Belvedere,30320-570
Con1155,California,30855-450
Con1156,Padre Eustaquio,30720-402
Con1157,Savassi,30112-024
Con1158,Sion,30315-570
Con1159,Serra,30220-280
Con1160,Savassi,30130-145
Con1161,Carmo,30310-760
Con1162,Estoril,30494-280
Con1163,Santa Efigenia,30150-320
Con1164,Santo Antonio,30350-260
Con1165,Vila Cloris,31744-330
Con1166,Paqueta,31330-472
Con1167,Floresta,31110-050
Con1168,Ouro Preto,31310-130
Con1169,Barro Preto,30180-060
Con1170,Monte Azul,31872-690
Con1171,Palmares,31155-675
Con1172,Prado,30411-140
Con1173,Belvedere,30320-760
Con1174,Belvedere,30320-640
Con1175,Savassi,30130-174
Con1176,Itatiaia,31365-000
Con1177,Buritis,30575-160
Con1178,Santa Tereza,31015-040
Con1179,Cruzeiro,30310-160
Con1180,Caicaras,30775-210
Con1181,Santo Antonio,30350-190
Con1182,Mangabeiras,30315-080
Con1183,Coracao Eucaristico,30535-630
Con1184,Jardim Leblon,31540-200
Con1185,Jardim Vitoria,31975-270
Con1186,Pampulha,31270-400
Con1187,Santo Agostinho,30190-094
Con1188,Independencia Barreiro,30672-200
Con1189,Santa Tereza,31015-120
Con1190,Santo Agostinho,30140-085
Con1191,Castelo,30840-492
Con1192,FUNCIONARIOS,30140-111
Con1193,Gloria,30870-040
Con1194,Castelo,30840-430
Con1195,Ouro Preto,31310-240
Con1196,Trevo,31370-470
Con1197,Grajau,30431-202
Con1198,Santo Agostinho,30180-121
Con1199,Buritis,30575-110
Con1200,Grajau,30431-259
Con1201,Dom Joaquim,31920-130
Con1202,Betania,30590-430
Con1203,Calafate,30411-460
Con1204,Cidade Nova,31170-270
Con1205,Diamante,30627-230
Con1206,Barro Preto,30190-130
Con1207,Inconfidencia,30820-550
Con1208,Dom Joaquim,31170-679
Con1209,Buritis,30575-160
Con1210,Belvedere,30320-670
Con1211,Liberdade,31270-310
Con1212,Santa Amelia,31560-400
Con1213,Padre Eustaquio,30720-370
Con1214,Funcionarios,30110-035
Con1215,Independencia Barreiro,30666-630
Con1216,Estoril,30494-010
Con1217,Cruzeiro,30310-330
Con1218,SANTO AGOSOTINHO,30170-111
Con1219,Santa Lucia,30360-663
Con1220,Itapoa,31710-400
Con1221,Nova Floresta,31140-250
Con1222,Planalto,31730-670
Con1223,Lourdes,30170-088
Con1224,Sion,30315-460
Con1225,Industrias I Barreiro,30610-270
Con1226,Grajau,30431-221
Con1227,Barroca,30431-054
Con1228,Carlos Prates,30710-580
Con1229,BARRO PRETO,30170-110
Con1230,Palmares,31160-560
Con1231,Castelo,31330-110
Con1232,Salgado Filho,30550-000
Con1233,Serrano,30881-540
Con1234,Nova Cachoeirinha,31250-530
Con1235,Lourdes,30170-088
Con1236,Savassi,30112-024
Con1237,Padre Eustaquio,30730-440
Con1238,Santa AmAlia,31555-120
Con1239,Uniao,31160-340
Con1240,Santa Monica,31520-420
Con1241,Bonsucesso,30622-280
Con1242,Santa Ines,31080-140
Con1243,Cidade Jardim,30380-002
Con1244,Estoril,30494-170
Con1245,Anchieta,30310-386
Con1246,Jaqueline,31748-466
Con1247,Palmeiras,30575-410
Con1248,Jardim Montanhes,30750-010
Con1249,Nova Suissa,30421-223
Con1250,Buritis,30493-030
Con1251,Belvedere,30320-300
Con1252,Buritis,30575-160
Con1253,Liberdade,31270-305
Con1254,Centro,30190-903
Con1255,Sion,30320-000
Con1256,Prado,30411-052
Con1257,Padre Eustaquio,30720-350
Con1258,Savassi,30140-136
Con1259,Prado,30411-023
Con1260,Gutierrez,30441-063
Con1261,Estoril,30494-085
Con1262,Funcionarios,30112-020
Con1263,Santo Agostinho,30190-120
Con1264,Carlos Prates,30710-010
Con1265,Planalto,31720-190
Con1266,Copacabana,31540-550
Con1267,Sion,30320-060
Con1268,Estoril,30494-450
Con1269,Serra,30220-270
Con1270,Jardim dos Comerciarios Venda Nova,31640-565
Con1271,Teixeira Dias Barreiro,30644-220
Con1272,Paraiso,30270-102
Con1273,Nova Suissa,30421-296
Con1274,Carmo,30330-000
Con1275,Centro,30190-020
Con1276,Santa Cruz Barreiro,30644-195
Con1277,Lourdes,30170-088
Con1278,Carlos Prates,30710-480
Con1279,Estoril,30494-170
Con1280,Centro,30120-908
Con1281,Nova Cintra,30516-070
Con1282,Belvedere,30320-670
Con1283,Santa Efigenia,30150-225
Con1284,Barreiro,30640-480
Con1285,Alipio de Melo,30840-020
Con1286,Coqueiros,30880-420
Con1287,Cachoeirinha,31130-192
Con1288,ALTO DOS PINHEIROS,30530-430
Con1289,Sao Salvador,30881-460
Con1290,Santa Efigenia,30150-240
Con1291,Esplanada,30280-200
Con1292,Savassi,30130-171
Con1293,Miramar Barreiro,30644-100
Con1294,Serra,30220-170
Con1295,Camargos,30525-430
Con1296,Estoril,30494-170
Con1297,Rio Branco,31530-574
Con1298,Planalto,31720-260
Con1299,Barro Preto,30140-093
Con1300,Cidade Jardim,30380-060
Con1301,Sao Francisco,31255-056
Con1302,Venda Nova,31615-250
Con1303,SINIMBU,31530-570
Con1304,Sao Luiz,31270-820
Con1305,Buritis,30493-180
Con1306,Jardim Atlantico,31560-000
Con1307,Camargos,30525-390
Con1308,Savassi,30130-138
Con1309,Tirol Barreiro,30662-270
Con1310,Buritis,30575-180
Con1311,Santa Monica,31530-160
Con1312,Funcionarios,30130-913
Con1313,Nova Floresta,31140-300
Con1314,Dom Bosco,30830-093
Con1315,Funcionarios,30140-901
Con1316,Ceu Azul,31578-300
Con1317,Industrias I Barreiro,30610-030
Con1318,Santo Agostinho,30110-062
Con1319,Ouro Preto,31310-350
Con1320,Tupi B,31844-080
Con1321,Nazare,31990-350
Con1322,Lourdes,30140-082
Con1323,SANTA EFIGENIA,30240-390
Con1324,Bandeirantes Pampulha,31340-350
Con1325,Renascenca,31130-070
Con1326,Alto Barroca,30431-012
Con1327,Caicaras,31230-280
Con1328,Cachoeirinha,31130-152
Con1329,Santo Agostinho,30190-090
Con1330,Buritis,30575-255
Con1331,Santa Lucia,30360-630
Con1332,Sao Jose,31275-000
Con1333,Estoril,30455-600
Con1334,Lourdes,30180-120
Con1335,Jardim Atlantico,31560-000
Con1336,Santa Tereza,31010-070
Con1337,Sagrada Familia,31030-100
Con1338,Luxemburgo,30380-403
Con1339,Estoril,30494-170
Con1340,Planalto,31720-000
Con1341,Carlos Prates,30710-602
Con1342,Centro,30170-907
Con1343,Goiania,31950-380
Con1344,Santo Antonio,30330-230
Con1345,Pilar,30390-260
Con1346,Cruzeiro,30310-140
Con1347,Funcionarios,30140-100
Con1348,Anchieta,30310-530
Con1349,Barreiro,30640-000
Con1350,Jardim Leblon,31540-000
Con1351,Padre Eustaquio,30720-320
Con1352,Caicaras,30770-010
Con1353,DONA CLARA,31255-620
Con1354,Diamante Barreiro,30644-210
Con1355,CinquentenArio,30570-080
Con1356,Jaragua,31270-365
Con1357,Jardim Atlantico,31560-000
Con1358,Caicaras,30775-240
Con1359,Dona Clara,31260-210
Con1360,Santa Cruz,31155-004
Con1361,Savassi,30112-010
Con1362,Itapoa,31710-110
Con1363,Gloria,30880-180
Con1364,Savassi,30140-907
Con1365,Belvedere,30320-670
Con1366,Centro,30130-923
Con1367,Nova Suissa,30421-118
Con1368,Santo Agostinho,30180-061
Con1369,Estoril,30455-610
Con1370,Lourdes,30180-150
Con1371,Ouro Preto,31310-520
Con1372,Cinquentenario,30570-080
Con1373,Barro Preto,30190-003
Con1374,Minas Brasil,30730-390
Con1375,Vista Alegre,30518-020
Con1376,Santa Cruz,31150-690
Con1377,Funcionarios,30130-138
Con1378,Lourdes,30160-046
Con1379,Bonfim,31210-460
Con1380,Olhos D'Agua,30390-080
Con1381,Gutierrez,30441-070
Con1382,Colegio Batista,31110-080
Con1383,SAo Francisco,31255-180
Con1384,Serra,30220-000
Con1385,Sion,30315-570
Con1386,Jardim Montanhes,30730-650
Con1387,Dona Clara,31260-270
Con1388,Santa Efigenia,30130-090
Con1389,Funcionarios,30110-021
Con1390,Renascenca,31130-400
Con1391,Aparecida,31235-012
Con1392,Sion,30315-422
Con1393,Buritis,30575-815
Con1394,Cidade Nova,31170-160
Con1395,Aeroporto,31270-383
Con1396,Indaia,31270-150
Con1397,Copacabana,31540-550
Con1398,Estoril,30494-080
Con1399,Carmo,30310-770
Con1400,Fernao Dias,31920-350
Con1401,Mangueiras Barreiro,30666-330
Con1402,Lajedo,31844-470
Con1403,Cachoeirinha,31130-080
Con1404,Buritis,30575-834
Con1405,Alipio de Melo,30840-200
Con1406,Rio Branco,31535-000
Con1407,Coracao Eucaristico,30535-610
Con1408,Alto Barroca,30431-025
Con1409,SAVASSI,30130-138
Con1410,Diamante Barreiro,30627-155
Con1411,Acaiaca,31995-150
Con1412,Ceu Azul,31585-170
Con1413,Funcionarios,30140-100
Con1414,Funcionarios,30110-035
Con1415,Sao Geraldo,31050-740
Con1416,Padre Eustaquio,30720-400
Con1417,Buritis,30575-834
Con1418,Ouro Preto,31320-262
Con1419,Barro Preto,30140-093
Con1420,Ipiranga,31160-120
Con1421,Caicara-Adelaide,30770-400
Con1422,Padre Eustaquio,30730-500
Con1423,Planalto,31720-300
Con1424,Santa Monica,31525-150
Con1425,Mangueiras Barreiro,30666-235
Con1426,Vera Cruz,30285-180
Con1427,Santa Efigenia,30110-915
Con1428,Santa Efigenia,30150-281
Con1429,Candelaria,31535-522
Con1430,Prado,30411-195
Con1431,Copacabana,31540-550
Con1432,Alto Barroca,30431-001
Con1433,Cidade Nova,31170-360
Con1434,Santa Branca,31565-480
Con1435,Minas Brasil,30535-640
Con1436,Camargos,30520-540
Con1437,Cidade Nova,31170-024
Con1438,Ceu Azul,31545-150
Con1439,Centro,30180-903
Con1440,Juliana,31744-684
Con1441,Castelo,31330-180
Con1442,Nova Granada,30431-375
Con1443,Jardim America,30421-470
Con1444,Barro Preto,30180-090
Con1445,Venda Nova,31660-000
Con1446,Funcionarios,30150-313
Con1447,Graca,31140-020
Con1448,Itapoa,31710-050
Con1449,Gutierrez,30441-106
Con1450,Barro Preto,30140-083
Con1451,Buritis,30575-100
Con1452,Padre Eustaquio,30730-530
Con1453,Jaqueline,31748-506
Con1454,Savassi,30140-171
Con1455,Caicaras,30770-550
Con1456,Belvedere,30320-400
Con1457,ALPES,30380-103
Con1458,Horto,31015-025
Con1459,Ceu Azul,31585-210
Con1460,Rio Branco,31530-560
Con1461,Ceu Azul,31578-500
Con1462,Jardim Leblon,31540-360
Con1463,Guarani,31840-110
Con1464,Gutierrez,30441-001
Con1465,Sao Luiz,31270-740
Con1466,Industrias I Barreiro,30610-010
Con1467,Mangueiras Barreiro,30666-340
Con1468,Gloria,30880-180
Con1469,Sion,30320-135
Con1470,NOVA GAMELEIRA,30510-250
Con1471,Santo Agostinho,30190-118
Con1472,Mantiqueira,31655-700
Con1473,Carmo,30330-000
Con1474,Maria Virginia,31155-680
Con1475,Cinquentenario,30570-080
Con1476,Venda Nova,31615-250
Con1477,Caicara-Adelaide,30720-520
Con1478,Santa Amelia,31560-300
Con1479,Trevo,31545-230
Con1480,Prado,30411-120
Con1481,Barroca,30431-072
Con1482,Nova Granada,30431-315
Con1483,Alipio de Melo,30830-460
Con1484,Lourdes,30140-087
Con1485,Funcionarios,30130-138
Con1486,Buritis,30493-175
Con1487,Belvedere,30320-540
Con1488,Colegio Batista,31110-170
Con1489,Anchieta,30310-540
Con1490,Carlos Prates,30710-360
Con1491,Santa Branca,31565-200
Con1492,Universitario,31255-460
Con1493,Sao Jose,31275-050
Con1494,Sagrada Familia,31030-211
Con1495,Sao Francisco,31255-170
Con1496,Planalto,31720-180
Con1497,Joao Pinheiro,30530-140
Con1498,Buritis,30575-833
Con1499,Comiteco,30315-380
Con1500,Funcionarios,30110-042
Con1501,Gutierrez,30441-152
Con1502,Belvedere,30320-670
Con1503,Ceu Azul,31580-360
Con1504,Buritis,30575-833
Con1505,Savassi,30112-024
Con1506,Padre Eustaquio,30720-430
Con1507,Lourdes,30180-150
Con1508,Sion,30320-050
Con1509,Belvedere,30320-670
Con1510,Coracao Eucaristico,30535-450
Con1511,Jardim Felicidade,31742-500
Con1512,Carlos Prates,30710-280
Con1513,Tupi A,31842-570
Con1514,Planalto,31720-180
Con1515,Santa Lucia,30360-630
Con1516,Engenho Nogueira,31320-610
Con1517,Santo Antonio,30350-180
Con1518,Buritis,30575-843
Con1519,Sao Luiz,31270-760
Con1520,Cenaculo,31615-450
Con1521,Savassi,30140-111
Con1522,Cinquentenario,30570-010
Con1523,Dona Clara,31260-340
Con1524,Madre Gertrudes,30512-740
Con1525,Funcionarios,30140-110
Con1526,Sao Joao Batista Venda Nova,31510-550
Con1527,FUNCIONARIOS,30130-175
Con1528,Lourdes,30180-101
Con1529,Santo Antonio,30350-060
Con1530,Dom Bosco,30830-090
Con1531,Centro,30170-016
Con1532,Centro,30190-901
Con1533,Estoril,30494-015
Con1534,Manacas,30840-563
Con1535,Prado,30410-010
Con1536,Pampulha,31270-400
Con1537,Savassi,30130-145
Con1538,Buritis,30493-145
Con1539,Buritis,30575-857
Con1540,Minas Brasil,30730-380
Con1541,Sagrada Familia,31035-320
Con1542,Sagrada Familia,31030-010
Con1543,Cidade Nova,31170-030
Con1544,Casa Branca,31050-050
Con1545,Planalto,31730-500
Con1546,Beija Flor,31998-266
Con1547,Cidade Nova,31170-170
Con1548,Paqueta,31330-480
Con1549,Distrito Industrial do Jatoba Barre,30668-271
Con1550,Floresta,31015-434
Con1551,Prado,30411-110
Con1552,Aparecida,31235-010
Con1553,Belvedere,30320-200
Con1554,Carlos Prates,30710-580
Con1555,Monte Azul,31872-780
Con1556,Padre Eustaquio,30720-420
Con1557,Santa Amelia,31560-420
Con1558,Anchieta,30310-530
Con1559,Padre Eustaquio,30730-130
Con1560,Venda Nova,31615-310
Con1561,Liberdade,31270-180
Con1562,Jaragua,31270-370
Con1563,Grajau,30431-183
Con1564,Funcionarios,30130-151
Con1565,Coqueiros,30880-420
Con1566,Sao Francisco,31255-170
Con1567,Centro,30160-011
Con1568,Vila Cloris,31744-128
Con1569,Cachoeirinha,31130-470
Con1570,Santa Efigenia,30130-060
Con1571,Lourdes,30170-122
Con1572,Funcionarios,30140-110
Con1573,Engenho Nogueira,31310-260
Con1574,Centro,30170-111
Con1575,Etelvina Carneiro,31746-120
Con1576,Anchieta,30310-403
Con1577,Carmo,30310-370
Con1578,Santa Lucia,30360-450
Con1579,Buritis,30575-210
Con1580,Santa Efigenia,30150-242
Con1581,Santa Efigenia,30150-320
Con1582,Belmonte,31870-470
Con1583,Cruzeiro,30310-230
Con1584,Nova Suissa,30421-169
Con1585,Lourdes,30170-088
Con1586,Ceu Azul,31580-500
Con1587,Sao Joao Batista Venda Nova,31515-280
Con1588,Maria Goretti,31920-710
Con1589,Lourdes,30140-061
Con1590,Belvedere,30320-690
Con1591,Liberdade,31270-222
Con1592,Estrela do Oriente,30580-353
Con1593,Vitoria,31970-710
Con1594,Floresta,30150-200
Con1595,Vila Oeste,30532-060
Con1596,Sao Cristovao,31230-230
Con1597,Nova Granada,30431-320
Con1598,Venda Nova,31610-090
Con1599,Calafate,30411-510
Con1600,Santa Ines,31080-170
Con1601,Bonfim,31210-420
Con1602,Sao Francisco,31255-170
Con1603,Uniao,31170-650
Con1604,Lourdes,30140-072
Con1605,Carlos Prates,30710-200
Con1606,Dona Clara,31260-230
Con1607,Santa Efigenia,30150-224
Con1608,Alto Barroca,30431-001
Con1609,Cidade Nova,31170-230
Con1610,Serra,30210-530
Con1611,Cenaculo,31615-190
Con1612,Sao Joao Batista Venda Nova,31520-330
Con1613,Nova Gameleira,30510-180
Con1614,Barreiro,30642-120
Con1615,Serra,30220-000
Con1616,Floresta,30110-008
Con1617,Coracao de Jesus,30380-260
Con1618,Serra,30210-580
Con1619,Buritis,30493-175
Con1620,Santo Agostinho,30180-121
Con1621,Funcionarios,30140-120
Con1622,Gutierrez,30441-155
Con1623,Padre Eustaquio,30720-404
Con1624,Barro Preto,30190-130
Con1625,InconfidAncia,30820-230
Con1626,Lourdes,30140-069
Con1627,Funcionarios,30110-921
Con1628,Castelo,31330-290
Con1629,Braunas,31365-490
Con1630,Comiteco,30315-350
Con1631,Trevo,31545-200
Con1632,Engenho Nogueira,31320-610
Con1633,Funcionarios,30140-086
Con1634,Gloria,30870-125
Con1635,Savassi,30150-370
Con1636,Barreiro,30640-050
Con1637,Barro Preto,30190-062
Con1638,Belvedere,30320-570
Con1639,Cardoso Barreiro,30626-710
Con1640,Nova Suissa,30421-296
Con1641,Belvedere,30320-670
Con1642,Brasil Industrial Barreiro,30626-130
Con1643,Gutierrez,30441-082
Con1644,Sao Geraldo,31050-530
Con1645,Santa Amelia,31555-000
Con1646,CONCORDIA,31110-050
Con1647,Planalto,31720-370
Con1648,Barroca,30431-054
Con1649,Padre Eustaquio,30720-100
Con1650,LOURDES,30160-042
Con1651,Maria Helena,31680-340
Con1652,Centro,30130-004
Con1653,Gutierrez,30441-008
Con1654,Renascenca,31130-750
Con1655,Serra,30220-260
Con1656,Savassi,30140-170
Con1657,Santa Lucia,30350-570
Con1658,Floramar,31742-084
Con1659,Trevo,31545-210
Con1660,Jaragua,31270-390
Con1661,Centro,30111-000
Con1662,Barroca,30431-089
Con1663,Santo Agostinho,30190-090
Con1664,CIDADE NOVA,31160-282
Con1665,Santa Rosa,31255-674
Con1666,Caicara-Adelaide,30770-370
Con1667,Concordia,31110-600
Con1668,Funcionarios,30130-138
Con1669,Coracao de Jesus,30380-630
Con1670,Bonfim,31210-650
Con1671,Santa Lucia,30360-440
Con1672,Lagoinha Leblon Venda Nova,31575-080
Con1673,Castelo,31330-382
Con1674,Minaslandia P Maio,31810-375
Con1675,Cachoeirinha,31150-000
Con1676,Centro,30120-054
Con1677,SANTO ANTONIO,30350-190
Con1678,SINIMBU,31530-590
Con1679,Ouro Preto,31310-520
Con1680,Camargos,30520-250
Con1681,Belvedere,30320-400
Con1682,Santa Tereza,31010-070
Con1683,Sagrada Familia,31030-010
Con1684,Santo Antonio,30330-220
Con1685,Caicaras,30770-190
Con1686,California,30855-450
Con1687,Uniao,31170-660
Con1688,Guarani,31814-620
Con1689,Gloria,30870-100
Con1690,Centro,30120-082
Con1691,Sao Lucas,30240-270
Con1692,Vista do Sol,31990-545
Con1693,Serra,30220-270
Con1694,Carlos Prates,30710-240
Con1695,Sao Francisco,31255-070
Con1696,Pampulha,31310-070
Con1697,Castelo,30840-500
Con1698,Bandeirantes Pampulha,31340-710
Con1699,Santo Agostinho,30170-048
Con1700,Santa Branca,31565-020
Con1701,Caicaras,31230-100
Con1702,Barreiro,30640-100
Con1703,Anchieta,30310-510
Con1704,Lourdes,30170-002
Con1705,Jardim Guanabara,31742-312
Con1706,SANTA BRANCA,31255-340
Con1707,Juliana,31744-684
Con1708,Gutierrez,30441-008
Con1709,Castanheira Barreiro,30668-160
Con1710,Jaqueline,31748-466
Con1711,Sion,30315-490
Con1712,Lindeia Barreiro,30692-160
Con1713,Santo Agostinho,30170-048
Con1714,Santa Monica,31525-020
Con1715,Santa Margarida Barreiro,30640-230
Con1716,Sion,30315-520
Con1717,Gloria,30830-350
Con1718,Jardim Felicidade,31742-630
Con1719,Cinquentenario,30570-000
Con1720,Ipiranga,31160-440
Con1721,Sao Joao Batista Venda Nova,31515-200
Con1722,Salgado Filho,30550-090
Con1723,Novo Gloria,30881-520
Con1724,Calafate,30411-575
Con1725,Carlos Prates,30710-450
Con1726,Savassi,30112-010
Con1727,Sao Luiz,31275-070
Con1728,Alto Caicaras,30750-430
Con1729,Sagrada Familia,31035-430
Con1730,Estoril,30494-310
Con1731,Ipiranga,31160-440
Con1732,Sion,30315-500
Con1733,Boa Vista,31060-230
Con1734,Santa Efigenia,30150-274
Con1735,Lourdes,30140-082
Con1736,Lourdes,30140-069
Con1737,Barro Preto,30190-003
Con1738,Camargos,30520-310
Con1739,Estoril,30494-270
Con1740,Caicara-Adelaide,30750-160
Con1741,Buritis,30575-740
Con1742,Santa Terezinha,31360-200
Con1743,Piraja,31910-700
Con1744,SANTA TEREZINHA,31360-280
Con1745,Castelo,31330-090
Con1746,Paqueta,31330-572
Con1747,Pindorama,30865-430
Con1748,Tirol Barreiro,30662-400
Con1749,Barro Preto,30140-083
Con1750,Savassi,30140-081
Con1751,Lourdes,30180-124
Con1752,Caicaras,30775-330
Con1753,Padre Eustaquio,30720-100
Con1754,Sion,30315-410
Con1755,Santa Efigenia,30150-242
Con1756,Ipiranga,31160-260
Con1757,Sao Joao Batista Venda Nova,31515-100
Con1758,Sion,30320-000
Con1759,Buritis,30575-834
Con1760,Santa Monica,31525-020
Con1761,Minascaixa,31610-340
Con1762,Savassi,30112-010
Con1763,Centro,30180-116
Con1764,Cidade Jardim,30380-002
Con1765,Belvedere,30320-660
Con1766,Barreiro,30640-020
Con1767,Vista Alegre,30514-430
Con1768,Cruzeiro,30310-280
Con1769,Carmo,30310-010
Con1770,Ouro Preto,31330-670
Con1771,Lourdes,30180-118
Con1772,Gutierrez,30441-023
Con1773,Lourdes,30170-010
Con1774,Tirol Barreiro,30662-480
Con1775,Planalto,31730-640
Con1776,Lourdes,30140-069
Con1777,Vila Oeste,30532-060
Con1778,Paraiso,30270-440
Con1779,Buritis,30492-020
Con1780,Ouro Preto,31340-050
Con1781,Savassi,30112-010
Con1782,Colegio Batista,31110-090
Con1783,Santa Efigenia,30150-242
Con1784,FUNCIONARIOS,30130-141
Con1785,Santa Lucia,30350-580
Con1786,Barroca,30431-058
Con1787,Minas Brasil,30730-230
Con1788,Funcionarios,30140-086
Con1789,Buritis,30575-857
Con1790,Santa Efigenia,30110-018
Con1791,Gutierrez,30441-127
Con1792,Paqueta,31340-240
Con1793,Lourdes,30140-072
Con1794,Buritis,30575-740
Con1795,Caicara-Adelaide,30770-240
Con1796,Centro,30170-903
Con1797,Belvedere,30320-550
Con1798,Caicaras,30770-580
Con1799,Sagrada Familia,31030-220
Con1800,Luxemburgo,30380-530
Con1801,Nova Suissa,30421-330
Con1802,Sagrada Familia,31030-211
Con1803,Santa Efigenia,30240-410
Con1804,Buritis,30575-820
Con1805,Santa Amelia,31560-420
Con1806,Santa Efigenia,30130-094
Con1807,Savassi,30140-170
Con1808,Centro,30120-070
Con1809,Jardim Guanabara,31742-316
Con1810,TIROL,30692-675
Con1811,Jardim Pirineus,30285-734
Con1812,Sagrada Familia,31035-510
Con1813,Sao Salvador,30881-460
Con1814,Piraja,31910-350
Con1815,Buritis,30575-857
Con1816,Funcionarios,30110-921
Con1817,Buritis,30575-815
Con1818,Liberdade,31270-170
Con1819,Buritis,30492-040
Con1820,Guarani,31840-220
Con1821,Barreiro,30640-095
Con1822,Santa Rosa,31255-640
Con1823,Diamante Barreiro,30627-215
Con1824,Vera Cruz,30285-170
Con1825,Santo Agostinho,30190-090
Con1826,Caicaras,30770-100
Con1827,Salgado Filho,30550-610
Con1828,Lourdes,30160-042
Con1829,Sao Jose,31275-030
Con1830,Centro,30130-002
Con1831,Centro,30170-130
Con1832,Santo Antonio,30350-260
Con1833,Centro,30120-060
Con1834,Conjunto Taquaril,30295-160
Con1835,Santo Antonio,30350-120
Con1836,Calafate,30411-293
Con1837,Coracao de Jesus,30380-230
Con1838,Sao Joao Batista Venda Nova,31515-360
Con1839,Tupi B,31844-270
Con1840,Goiania,31950-480
Con1841,Coracao de Jesus,30380-260
Con1842,Castelo,31330-280
Con1843,Estoril,30494-170
Con1844,Cruzeiro,30310-110
Con1845,Cidade Nova,31170-190
Con1846,Prado,30411-200
Con1847,Centro,30180-001
Con1848,Santo Antonio,30330-220
Con1849,Sagrada Familia,31030-240
Con1850,Floramar,31840-260
Con1851,Leticia,31620-630
Con1852,Dom Bosco,30850-230
Con1853,Buritis,30575-817
Con1854,Sao Francisco,31255-210
Con1855,Camargos,30520-170
Con1856,Santa Efigenia,30130-060
Con1857,Paqueta,31330-572
Con1858,Sao Pedro,30330-050
Con1859,Gutierrez,30441-039
Con1860,Castelo,31330-296
Con1861,Ouro Preto,31340-170
Con1862,Alipio de Melo,30840-030
Con1863,Sion,30315-560
Con1864,Sao Pedro,30330-130
Con1865,Santa Efigenia,30110-017
Con1866,Centro,30190-910
Con1867,Funcionarios,30140-110
Con1868,Grajau,30431-121
Con1869,Salgado Filho,30550-530
Con1870,Palmares,31155-730
Con1871,Alto Vera Cruz,30285-550
Con1872,Sao Joao Batista Venda Nova,31535-510
Con1873,Alto Caicaras,30775-050
Con1874,Cidade Jardim,30110-051
Con1875,Lagoa,31578-040
Con1876,Belvedere,30320-200
Con1877,Conjunto Tunel Ibirite Barreiro,30662-570
Con1878,Serrano,30882-660
Con1879,Santa Tereza,31010-070
Con1880,Cardoso Barreiro,30626-400
Con1881,Sao Pedro,30330-090
Con1882,Prado,30411-135
Con1883,Aparecida,31235-180
Con1884,Buritis,30575-120
Con1885,Camargos,30520-320
Con1886,Copacabana,31540-540
Con1887,Ouro Preto,31330-670
Con1888,Nova Suissa,30421-125
Con1889,Rio Branco,31535-100
Con1890,Estoril,30494-310
Con1891,Barro Preto,30190-916
Con1892,Goiania,31950-310
Con1893,Bom Jesus,31230-640
Con1894,Savassi,30130-141
Con1895,Vila Cloris,31744-007
Con1896,Milionarios Barreiro,30620-040
Con1897,Venda Nova,31615-310
Con1898,Santa Margarida Barreiro,30640-240
Con1899,Castelo,31330-142
Con1900,Centro,30170-120
Con1901,Santa Lucia,30360-140
Con1902,Santo Antonio,30330-120
Con1903,Santo Agostinho,30180-121
Con1904,Estoril,30494-310
Con1905,Cruzeiro,30310-110
Con1906,Sagrada Familia,31035-560
Con1907,Lourdes,30180-140
Con1908,Santa Amelia,31560-300
Con1909,Sagrada Familia,31030-010
Con1910,Anchieta,30310-403
Con1911,Lajedo,31846-310
Con1912,Paqueta,31340-060
Con1913,Renascenca,31130-430
Con1914,Alto Barroca,30431-016
Con1915,Castelo,31330-310
Con1916,Minas Brasil,30730-240
Con1917,Havai,30555-140
Con1918,Funcionarios,30130-135
Con1919,Silveira,31140-390
Con1920,Aeroporto,31270-650
Con1921,Sao Francisco,31255-170
Con1922,Itapoa,31710-080
Con1923,Lourdes,30140-069
Con1924,Aeroporto,31270-650
Con1925,Alto dos Pinheiros,30530-080
Con1926,Padre Eustaquio,30730-482
Con1927,Luxemburgo,30380-400
Con1928,Camargos,30525-450
Con1929,Alto dos Pinheiros,30530-080
Con1930,Santa Monica,31530-250
Con1931,Jardinopolis,30532-280
Con1932,Funcionarios,30140-075
Con1933,Jardim Vitoria,31975-270
Con1934,SANTA EFIGENIA,30240-380
Con1935,Jardim America,30421-382
Con1936,Buritis,30575-140
Con1937,Centro,30170-124
Con1938,Palmeiras,30575-590
Con1939,Barro Preto,30190-110
Con1940,Piratininga Venda Nova,31573-360
Con1941,Floresta,30150-090
Con1942,Buritis,30575-060
Con1943,Santa Ines,31080-020
Con1944,California,30855-075
Con1945,Lindeia Barreiro,30692-260
Con1946,Lourdes,30140-061
Con1947,Centro,30190-912
Con1948,Vila Oeste,30532-140
Con1949,SAVASSI,30110-042
Con1950,Savassi,30130-168
Con1951,Jardim Leblon,31540-170
Con1952,Prado,30411-174
Con1953,Maria Virginia,31155-630
Con1954,Grajau,30431-189
Con1955,Funcionarios,30130-011
Con1956,Santo Antonio,30330-230
Con1957,Padre Eustaquio,30730-440
Con1958,Calafate,30411-293
Con1959,Centro,30170-907
Con1960,Cidade Jardim,30380-030
Con1961,Jardim Guanabara,31742-235
Con1962,Guarani,31840-160
Con1963,Lourdes,30160-046
Con1964,Castelo,31330-370
Con1965,Gutierrez,30441-082
Con1966,Pompeia,30280-400
Con1967,Boa Vista,31060-285
Con1968,Vila Pinho Vale do Jatoba Barreiro,30670-240
Con1969,Diamante Barreiro,30627-205
Con1970,Cenaculo,31615-450
Con1971,Vista Alegre,30514-550
Con1972,Buritis,30575-815
Con1973,Nova Gameleira,30510-180
Con1974,Carmo,30310-060
Con1975,Funcionarios,30110-022
Con1976,Buritis,30575-815
Con1977,Joao Pinheiro,30530-000
Con1978,Boa Viagem,30140-004
Con1979,Buritis,30575-847
Con1980,Buritis,30575-060
Con1981,Monsenhor Messias,30720-460
Con1982,Santa Rosa,31255-630
Con1983,Santa Efigenia,30130-103
Con1984,Mangabeiras,30210-390
Con1985,Mantiqueira,31680-365
Con1986,Jardim Montanhes,30750-002
Con1987,Santo Agostinho,30190-085
Con1988,Santa Efigenia,30110-017
Con1989,Alipio de Melo,30840-330
Con1990,Caicaras,30775-520
Con1991,Sao Bernardo,31741-427
Con1992,Milionarios Barreiro,30620-070
Con1993,Coqueiros,30880-450
Con1994,Sao Gabriel,31985-020
Con1995,Santa Monica,31525-310
Con1996,Miramar Barreiro,30642-565
Con1997,Barro Preto,30180-074
Con1998,Buritis,30575-070
Con1999,Santa Rosa,31255-730
Con2000,Santo Antonio,30350-093
Con2001,Liberdade,31270-240
Con2002,Sao Tomaz,31741-130
Con2003,Anchieta,30310-350
Con2004,Cidade Jardim,30380-030
Con2005,Canaa,31749-045
Con2006,Savassi,30140-124
Con2007,Tupi A,31840-050
Con2008,Sao Pedro,30330-010
Con2009,Caicaras,30770-490
Con2010,Betania,30590-530
Con2011,Floresta,31015-250
Con2012,Serra Verde Venda Nova,31630-000
Con2013,Padre Eustaquio,30720-130
Con2014,Funcionarios,30130-913
Con2015,Alto Caicaras,30750-355
Con2016,Nova Vista,31070-250
Con2017,Buritis,30575-120
Con2018,Jaqueline,31748-038
Con2019,Buritis,30575-190
Con2020,Jardim Vitoria,31970-270
Con2021,Santa Ines,31080-170
Con2022,Barreiro,30640-000
Con2023,Nova Suissa,30421-207
Con2024,Dona Clara,31260-000
Con2025,Aarao Reis,31814-550
Con2026,Sao Francisco,31255-070
Con2027,Ipiranga,31160-420
Con2028,Buritis,30493-145
Con2029,Sao Joao Batista Venda Nova,31520-070
Con2030,Carmo,30310-730
Con2031,Caicaras,30770-100
Con2032,Pampulha,31270-330
Con2033,Buritis,30575-360
Con2034,Coracao Eucaristico,30535-610
Con2035,Estoril,30455-610
Con2036,Barro Preto,30190-003
Con2037,Santa Rosa,31255-700
Con2038,Coracao de Jesus,30380-640
Con2039,Havai,30555-140
Con2040,Uniao,31170-630
Con2041,Mangabeiras,30210-280
Con2042,Gloria,30830-300
Con2043,Santo Andre,31230-600
Con2044,Santa Rosa,31255-800
Con2045,Buritis,30575-070
Con2046,Lourdes,30160-012
Con2047,Cidade Nova,31170-180
Con2048,Centro,30130-902
Con2049,Padre Eustaquio,30720-100
Con2050,Santo Antonio,30350-143
Con2051,Colegio Batista,31110-000
Con2052,Salgado Filho,30550-190
Con2053,Jaragua,31270-350
Con2054,Centro,30120-908
Con2055,Estoril,30494-310
Con2056,Belvedere,30320-670
Con2057,Santa Terezinha,31360-180
Con2058,Belvedere,30320-690
Con2059,Santa Efigenia,30130-130
Con2060,Lourdes,30160-019
Con2061,CIDADE NOVA,31160-370
Con2062,Lourdes,30180-160
Con2063,Guarani,31840-220
Con2064,Cidade Nova,31170-030
Con2065,Nova Suissa,30421-031
Con2066,Pindorama,30865-060
Con2067,Sao Pedro,30330-150
Con2068,Cruzeiro,30310-080
Con2069,California,30855-330
Con2070,Jardim Vitoria,31970-270
Con2071,Maria Helena,31680-170
Con2072,Planalto,31720-300
Con2073,Buritis,30575-815
Con2074,Santa Branca,31565-400
Con2075,Vista Alegre,30518-060
Con2076,Santa Ines,31080-180
Con2077,Alto dos Pinheiros,30530-550
Con2078,Alipio de Melo,30820-622
Con2079,Serra,30220-260
Con2080,Industrias I Barreiro,30610-010
Con2081,Ouro Preto,31330-500
Con2082,Sao Bento,30350-750
Con2083,Padre Eustaquio,30720-290
Con2084,Caicaras,30770-110
Con2085,Colegio Batista,31110-290
Con2086,Santa Helena Barreiro,30642-620
Con2087,California,30855-184
Con2088,Tirol Barreiro,30662-408
Con2089,GARCAS,31545-000
Con2090,Santo Antonio,30350-110
Con2091,Cardoso Barreiro,30626-480
Con2092,Candelaria,31535-630
Con2093,Carlos Prates,30710-182
Con2094,Dom Cabral,30535-100
Con2095,Centro,30120-908
Con2096,Sao Bento,30350-710
Con2097,Esplanada,30280-240
Con2098,Sao Joao Batista Venda Nova,31520-200
Con2099,Havai,30570-640
Con2100,Lourdes,30180-160
Con2101,Carlos Prates,30710-090
Con2102,Graca,31140-070
Con2103,Santana do Cafezal,30250-000
Con2104,Centro,30160-010
Con2105,Anchieta,30310-550
Con2106,Centro,30160-043
Con2107,Rio Branco,31535-135
Con2108,Santa Lucia,30350-590
Con2109,Santa Lucia,30350-640
Con2110,Prado,30411-216
Con2111,Tirol Barreiro,30662-072
Con2112,Vila Paris,30380-760
Con2113,Prado,30411-117
Con2114,Lourdes,30140-072
Con2115,Cachoeirinha,31150-220
Con2116,Santa Rosa,31255-780
Con2117,Tirol Barreiro,30662-440
Con2118,Planalto,31720-110
Con2119,Sagrada Familia,31030-220
Con2120,Centro,30180-001
Con2121,Barro Preto,30180-090
Con2122,Buritis,30575-110
Con2123,Lindeia Barreiro,30690-230
Con2124,Savassi,30140-105
Con2125,Bonfim,31210-442
Con2126,Camargos,30520-400
Con2127,Sao Bernardo,31741-435
Con2128,Nova Suissa,30421-082
Con2129,Santo Agostinho,30180-098
Con2130,Santo Antonio,30110-043
Con2131,Gutierrez,30441-021
Con2132,Caicara-Adelaide,30750-170
Con2133,Pampulha,31270-330
Con2134,Gutierrez,30441-023
Con2135,Santa Tereza,31010-060
Con2136,Castelo,31330-200
Con2137,Barro Preto,30190-110
Con2138,Colegio Batista,31110-290
Con2139,Pompeia,30285-010
Con2140,Sao Francisco,31255-180
Con2141,Lourdes,30170-010
Con2142,Santo Antonio,30330-270
Con2143,Rio Branco,31535-300
Con2144,Bonfim,31210-450
Con2145,Mangabeiras,30210-340
Con2146,Boa Vista,31050-610
Con2147,Pindorama,30880-590
Con2148,Madre Gertrudes,30512-730
Con2149,Jardinopolis,30510-530
Con2150,Alto Barroca,30431-028
Con2151,Sion,30310-640
Con2152,Barreiro,30642-030
Con2153,Santa Efigenia,30150-240
Con2154,Luxemburgo,30380-600
Con2155,Nazare,31990-230
Con2156,Carlos Prates,30710-010
Con2157,Buritis,30575-140
Con2158,Centro,30170-131
Con2159,Heliopolis,31741-500
Con2160,Cabana do Pai Tomas,30512-240
Con2161,Santa Efigenia,30150-334
Con2162,Santa Ines,31080-390
Con2163,Buritis,30493-165
Con2164,Buritis,30575-110
Con2165,Bonfim,31210-440
Con2166,Belvedere,30320-670
Con2167,Vale do Jatoba Barreiro,30664-260
Con2168,Sao Joao Batista Venda Nova,31520-070
Con2169,Santa Amelia,31560-300
Con2170,LOURDES,30160-041
Con2171,Serra,30240-230
Con2172,Cinquentenario,30570-066
Con2173,Savassi,30140-006
Con2174,Santa Efigenia,30110-915
Con2175,Grajau,30431-189
Con2176,Luxemburgo,30380-530
Con2177,Gutierrez,30441-153
Con2178,Barro Preto,30140-073
Con2179,Santo Antonio,30350-110
Con2180,Santo Agostinho,30180-061
Con2181,Carlos Prates,30710-010
Con2182,Buritis,30575-740
Con2183,Mangabeiras,30210-250
Con2184,Coracao Eucaristico,30535-580
Con2185,Cinquentenario,30570-050
Con2186,Sion,30320-020
Con2187,LOURDES,30160-041
Con2188,Prado,30411-127
Con2189,Sao Gabriel,31985-070
Con2190,Santa Amelia,31560-180
Con2191,Santo Antonio,30350-142
Con2192,Renascenca,31130-590
Con2193,Floramar,31742-093
Con2194,Santa Monica,31530-110
Con2195,Carlos Prates,30710-640
Con2196,Alto Caicaras,30750-220
Con2197,Funcionarios,30110-028
Con2198,Santa Efigenia,30150-340
Con2199,Ipiranga,31140-560
Con2200,Santa Monica,31520-420
Con2201,Padre Eustaquio,30720-450
Con2202,Cachoeirinha,31150-123
Con2203,Ceu Azul,31578-520
Con2204,Cidade Nova,31170-220
Con2205,Jonas Veiga,30285-470
Con2206,Boa Vista,31060-470
Con2207,Santo Agostinho,30140-094
Con2208,Funcionarios,30140-070
Con2209,Padre Eustaquio,30720-100
Con2210,Santa Amelia,31555-290
Con2211,Santo Antonio,30350-220
Con2212,Padre Eustaquio,30720-412
Con2213,Luxemburgo,30380-410
Con2214,Centro,30160-040
Con2215,Buritis,30575-210
Con2216,Coracao de Jesus,30380-252
Con2217,Alvaro Camargos,30860-120
Con2218,Santa Helena Barreiro,30642-160
Con2219,Planalto,31720-485
Con2220,Centro,30160-913
Con2221,Jardim Guanabara,31742-260
Con2222,Jaqueline,31748-509
Con2223,Minascaixa,31615-060
Con2224,Sao Gabriel,31980-120
Con2225,Maria Virginia,31155-510
Con2226,Vila Vista Alegre,30516-060
Con2227,Sao Joao Batista Venda Nova,31520-170
Con2228,Centro,30120-908
Con2229,Sao Francisco,31255-200
Con2230,Rio Branco,31540-745
Con2231,Mangabeiras,30210-090
Con2232,Belvedere,30320-670
Con2233,Nova Vista,31070-010
Con2234,Jardim Atlantico,31560-000
Con2235,Lourdes,30170-122
Con2236,Santa Maria,30525-080
Con2237,Lourdes,30160-042
Con2238,Sao Geraldo,31050-640
Con2239,Gloria,30870-100
Con2240,Floresta,31015-310
Con2241,Buritis,30575-130
Con2242,Diamante Barreiro,30660-560
Con2243,Itapoa,31710-200
Con2244,Itapoa,31710-540
Con2245,Grajau,30431-236
Con2246,Santo Agostinho,30180-098
Con2247,Coracao Eucaristico,30535-580
Con2248,Santa Ines,31080-170
Con2249,Santa Lucia,30360-280
Con2250,Jardim Atlantico,31560-000
Con2251,Barro Preto,30140-073
Con2252,Cidade Nova,31170-200
Con2253,Sao Gabriel,31980-540
Con2254,Alto Caicaras,30750-560
Con2255,Uniao,31160-284
Con2256,Alipio de Melo,30840-330
Con2257,Paqueta,31330-642
Con2258,Estoril,30494-170
Con2259,Camargos,30520-460
Con2260,Savassi,30112-021
Con2261,Ouro Minas,31870-400
Con2262,Buritis,30493-180
Con2263,Sao Gabriel,31980-540
Con2264,Estoril,30494-360
Con2265,Lindeia Barreiro,30690-050
Con2266,Santa Efigenia,30130-094
Con2267,Sao Joao Batista Venda Nova,31520-220
Con2268,Funcionarios,30140-901
Con2269,Lourdes,30180-101
Con2270,Lagoa,31578-290
Con2271,Nova Gameleira,30510-450
Con2272,Vera Cruz,30285-255
Con2273,Padre Eustaquio,30720-380
Con2274,Centro,30170-903
Con2275,Dom Cabral,30535-380
Con2276,Lindeia,30690-580
Con2277,Santa Efigenia,30150-330
Con2278,Lagoa,31578-000
Con2279,Barreiro,30640-570
Con2280,Buritis,30575-847
Con2281,Planalto,31720-100
Con2282,Barro Preto,30190-130
Con2283,Aeroporto,31270-650
Con2284,Anchieta,30310-400
Con2285,Buritis,30575-100
Con2286,Cruzeiro,30310-190
Con2287,Alipio de Melo,30840-180
Con2288,Santa Cruz,31150-240
Con2289,Luxemburgo,30380-435
Con2290,Serrano,30882-570
Con2291,Santa Rosa,31260-590
Con2292,Ceu Azul,31578-530
Con2293,California,30855-075
Con2294,Jardim Guanabara,31742-260
Con2295,Palmares,31155-675
Con2296,Serra,30210-530
Con2297,Buritis,30575-090
Con2298,Caicaras,30770-550
Con2299,Prado,30411-225
Con2300,Barro Preto,30170-044
Con2301,Santa Amelia,31555-120
Con2302,Santo Antonio,30350-213
Con2303,Luxemburgo,30380-403
Con2304,Europa,31620-200
Con2305,Sao Pedro,30330-020
Con2306,Centro,30130-003
Con2307,Gutierrez,30441-008
Con2308,Centro,30160-906
Con2309,Carlos Prates,30710-270
Con2310,Sagrada Familia,31030-492
Con2311,Santo Agostinho,30190-090
Con2312,Ouro Preto,31330-530
Con2313,Santa Rosa,31255-490
Con2314,Cidade Nova,31170-100
Con2315,Santa Branca,31565-010
Con2316,Lourdes,30180-120
Con2317,Buritis,30575-365
Con2318,Nova Granada,30431-320
Con2319,Santo Agostinho,30180-165
Con2320,Funcionarios,30150-331
Con2321,Savassi,30130-135
Con2322,Caicara-Adelaide,30720-530
Con2323,Renascenca,31130-380
Con2324,Coracao de Jesus,30380-380
Con2325,Cidade Jardim,30380-080
Con2326,Nova Suissa,30421-310
Con2327,Castelo,31330-250
Con2328,Santa Efigenia,30130-060
Con2329,Centro,30160-906
Con2330,Buritis,30575-815
Con2331,Havai,30570-720
Con2332,Estoril,30494-170
Con2333,Belvedere,30320-660
Con2334,Lourdes,30170-002
Con2335,NOVA GRANADA,30431-340
Con2336,Parque Sao Pedro Venda Nova,31610-710
Con2337,Coracao de Jesus,30380-490
Con2338,Teixeira Dias Barreiro,30642-290
Con2339,Serra,30220-070
Con2340,TUPI B,31840-220
Con2341,Itapoa,31710-560
Con2342,Vila Cloris,31744-079
Con2343,Planalto,31720-070
Con2344,Minascaixa,31610-390
Con2345,Renascenca,31130-370
Con2346,Alto Caicaras,30750-250
Con2347,Buritis,30575-859
Con2348,Venda Nova,31615-250
Con2349,Betania,30580-420
Con2350,Santa Cruz,31150-570
Con2351,Savassi,30140-105
Con2352,Gloria,30870-100
Con2353,Itapoa,31710-520
Con2354,Belvedere,30320-640
Con2355,Cinquentenario,30570-020
Con2356,Itapoa,31710-180
Con2357,VILA PARAISO,30270-400
Con2358,Floresta,30150-101
Con2359,Savassi,30112-002
Con2360,Sion,30310-610
Con2361,Santa Tereza,31010-475
Con2362,Grajau,30431-202
Con2363,Castelo,31330-020
Con2364,Sao Marcos,31910-390
Con2365,Prado,30411-235
Con2366,Centro,30180-902
Con2367,Jaqueline,31748-489
Con2368,Centro,30180-110
Con2369,Nova Floresta,31140-260
Con2370,Sao Jose,31275-050
Con2371,Carlos Prates,30710-456
Con2372,Santa Amelia,31560-260
Con2373,Serra,30220-000
Con2374,Tupi B,31844-080
Con2375,Itaipu Barreiro,30692-610
Con2376,Funcionarios,30140-100
Con2377,Esplanada,30280-250
Con2378,Caicaras,30775-520
Con2379,Serra,30240-040
Con2380,Savassi,30130-138
Con2381,Serrano,30882-390
Con2382,Santa Tereza,31010-514
Con2383,Buritis,30575-365
Con2384,Alto Caicaras,30775-480
Con2385,Padre Eustaquio,30720-260
Con2386,Ouro Preto,31310-240
Con2387,Pindorama,30880-410
Con2388,Castelo,30840-350
Con2389,Castelo,31330-290
Con2390,Jardinopolis,30532-190
Con2391,Centro,30180-106
Con2392,Centro,30170-120
Con2393,Gloria,30870-190
Con2394,Santo Antonio,30350-070
Con2395,Sao Pedro,30330-360
Con2396,Prado,30411-230
Con2397,Ipiranga,31160-015
Con2398,Santo Antonio,30330-110
Con2399,Cidade Nova,31170-260
Con2400,Sagrada Familia,31030-204
Con2401,Ouro Preto,31310-390
Con2402,Buritis,30575-800
Con2403,Jardim dos Comerciarios Venda Nova,31640-065
Con2404,Jardim Sao Jose,30820-170
Con2405,Santo Antonio,30350-210
Con2406,Fernao Dias,31910-444
Con2407,Barro Preto,30190-081
Con2408,Santa Monica,31525-140
Con2409,Floresta,30150-380
Con2410,Jardim America,30421-340
Con2411,Alto dos Pinheiros,30530-080
Con2412,Sion,30315-540
Con2413,Colegio Batista,31110-370
Con2414,Prado,30110-063
Con2415,Calafate,30411-325
Con2416,Serra,30130-008
Con2417,Santa Efigenia,30150-224
Con2418,Ipiranga,31160-440
Con2419,Buritis,30575-090
Con2420,Floresta,31110-050
Con2421,Buritis,30575-120
Con2422,Santa Lucia,30360-536
Con2423,Cruzeiro,30310-110
Con2424,Barreiro,30640-050
Con2425,Caicaras,30770-580
Con2426,Buritis,30492-025
Con2427,Copacabana,31540-680
Con2428,Serra,30220-200
Con2429,Santa Efigenia,30150-270
Con2430,BONFIM,31230-060
Con2431,Centro,30190-902
Con2432,Carlos Prates,30710-020
Con2433,Heliopolis,31741-500
Con2434,Buritis,30492-020
Con2435,Piraja,31910-650
Con2436,Santa Terezinha,31360-110
Con2437,Caicara-Adelaide,30770-390
Con2438,Santa Efigenia,30240-350
Con2439,Uniao,31170-670
Con2440,Paqueta,31330-572
Con2441,Rio Branco,31535-000
Con2442,Prado,30411-040
Con2443,Nova Suissa,30421-310
Con2444,Santo Antonio,30350-220
Con2445,Bandeirantes Pampulha,31340-690
Con2446,Gutierrez,30441-011
Con2447,Padre Eustaquio,30720-414
Con2448,Planalto,31730-560
Con2449,Santa Efigenia,30270-330
Con2450,Santa Efigenia,30150-334
Con2451,Funcionarios,30130-131
Con2452,Centro,30190-005
Con2453,Pousada Santo Antonio,31970-190
Con2454,Sao Geraldo,31050-560
Con2455,Jardim dos Comerciarios Venda Nova,31640-005
Con2456,Padre Eustaquio,30720-350
Con2457,Centro,30160-901
Con2458,Sao Bento,30350-410
Con2459,Diamante Barreiro,30660-298
Con2460,Calafate,30411-330
Con2461,Gameleira,30510-120
Con2462,Serra,30210-490
Con2463,Centro,30190-918
Con2464,Santa Cruz,31150-360
Con2465,Buritis,30575-120
Con2466,SAVASSI,30110-036
Con2467,Centro,30190-908
Con2468,Sagrada Familia,31035-540
Con2469,Buritis,30575-190
Con2470,Buritis,30493-180
Con2471,Belvedere,30320-590
Con2472,Buritis,30492-040
Con2473,Anchieta,30310-550
Con2474,Manacas,30840-563
Con2475,Belvedere,30320-650
Con2476,Cidade Nova,31170-070
Con2477,Camargos,30520-540
Con2478,Centro,30170-111
Con2479,Bandeirantes Pampulha,31365-310
Con2480,Buritis,30492-025
Con2481,Belvedere,30320-670
Con2482,Camargos,30520-540
Con2483,Vera Cruz,30285-270
Con2484,Lourdes,30180-105
Con2485,Barro Preto,30140-083
Con2486,Floresta,30110-012
Con2487,Padre Eustaquio,30720-450
Con2488,Caicaras,30770-500
Con2489,Gloria,30870-110
Con2490,Cidade Nova,31170-230
Con2491,Gutierrez,30441-134
Con2492,Floresta,31015-178
Con2493,Palmeiras,30575-730
Con2494,Sion,30310-300
Con2495,Funcionarios,30150-338
Con2496,Ouro Preto,31310-450
Con2497,Savassi,30140-170
Con2498,Sion,30315-520
Con2499,Santa Tereza,31010-040
Con2500,Heliopolis,31741-510
Con2501,Gutierrez,30441-045
Con2502,Buritis,30492-020
Con2503,Caicaras,30775-240
Con2504,Jardim Montanhes,30750-552
Con2505,Havai,30575-010
Con2506,Sao Luiz,31270-750
Con2507,Jardim dos Comerciarios,31650-095
Con2508,Concordia,31110-750
Con2509,Jaqueline,31748-270
Con2510,Santa Tereza,31010-280
Con2511,Santa Amelia,31560-160
Con2512,Prado,30411-135
Con2513,Buritis,30575-070
Con2514,Liberdade,31270-170
Con2515,Dona Clara,31260-290
Con2516,Liberdade,31270-310
Con2517,Caicaras,31230-030
Con2518,Centro,30190-912
Con2519,Padre Eustaquio,30730-430
Con2520,Santo Antonio,30350-210
Con2521,Santo Agostinho,30170-020
Con2522,Mantiqueira,31652-320
Con2523,Barro Preto,30180-091
Con2524,Lourdes,30170-011
Con2525,Serra,30220-000
Con2526,Liberdade,31270-200
Con2527,Nova Vista,31070-010
Con2528,Savassi,30130-145
Con2529,Nazare,31990-360
Con2530,Sion,30315-500
Con2531,Sion,30315-500
Con2532,Serra,30220-300
Con2533,Dona Clara,31260-390
Con2534,Cardoso Barreiro,30626-390
Con2535,Alto Barroca,30431-001
Con2536,Savassi,30140-136
Con2537,Funcionarios,30140-110
Con2538,Cruzeiro,30310-090
Con2539,Sion,30315-520
Con2540,Miramar Barreiro,30644-100
Con2541,Santo Antonio,30350-220
Con2542,Prado,30411-186
Con2543,Santa Efigenia,30150-240
Con2544,Nova Gameleira,30510-730
Con2545,Copacabana,31540-540
Con2546,Prado,30411-225
Con2547,Calafate,30411-570
Con2548,Santo Agostinho,30190-088
Con2549,Buritis,30492-025
Con2550,Buritis,30492-015
Con2551,Maria Helena,31680-330
Con2552,Tupi B,31844-440
Con2553,Gutierrez,30441-042
Con2554,Centro,30180-100
Con2555,Tirol Barreiro,30662-160
Con2556,Gloria,30870-020
Con2557,Coracao de Jesus,30380-380
Con2558,Buritis,30575-160
Con2559,Buritis,30575-140
Con2560,Nova Floresta,31140-360
Con2561,Buritis,30575-255
Con2562,Bandeirantes Pampulha,31340-730
Con2563,Santa Efigenia,30260-180
Con2564,Madre Gertrudes,30512-760
Con2565,Barro Preto,30170-044
Con2566,Europa,31620-250
Con2567,Savassi,30112-010
Con2568,Barro Preto,30190-110
Con2569,Lourdes,30180-150
Con2570,Santa Lucia,30360-680
Con2571,Santa Rosa,31255-710
Con2572,Cruzeiro,30310-120
Con2573,Colegio Batista,31110-110
Con2574,Gutierrez,30441-042
Con2575,Buritis,30493-145
Con2576,Gutierrez,30441-082
Con2577,Centro,30120-050
Con2578,Floresta,31015-240
Con2579,Manacas,30840-700
Con2580,Santo Antonio,30350-180
Con2581,Estoril,30494-060
Con2582,Diamante Barreiro,30627-205
Con2583,Buritis,30575-090
Con2584,Ipiranga,31160-100
Con2585,Sao Luiz,31270-820
Con2586,Lagoinha Leblon Venda Nova,31575-460
Con2587,Cruzeiro,30310-260
Con2588,Serrano,30882-770
Con2589,Castelo,31330-000
Con2590,Cardoso Barreiro,30626-480
Con2591,Aarao Reis,31814-600
Con2592,Santa Efigenia,30150-334
Con2593,Maria Teresa,31873-168
Con2594,Distrito Industrial do Jatoba Barre,30670-845
Con2595,Miramar Barreiro,30644-015
Con2596,Diamante Barreiro,30660-140
Con2597,Olhos D'Agua,30390-082
Con2598,Santa Sofia,30451-364
Con2599,Buritis,30575-120
Con2600,Castelo,30840-320
Con2601,Santa Efigenia,30150-320
Con2602,Uniao,31170-710
Con2603,Serra,30220-000
Con2604,Buritis,30575-140
Con2605,Floramar,31742-058
Con2606,Castelo,30840-530
Con2607,Betania,30590-330
Con2608,Ouro Preto,31340-000
Con2609,Savassi,30112-024
Con2610,Santo Antonio,30350-260
Con2611,Sagrada Familia,31030-525
Con2612,Jardim Atlantico,31560-000
Con2613,Buritis,30575-080
Con2614,Camargos,30520-500
Con2615,Joao Pinheiro,30530-160
Con2616,Centro,30180-106
Con2617,Milionarios Barreiro,30620-550
Con2618,Sion,30320-050
Con2619,Santo Agostinho,30190-111
Con2620,Sao Gabriel,31980-530
Con2621,Minaslandia,31812-080
Con2622,Anchieta,30310-430
Con2623,Esplanada,30280-030
Con2624,Boa Viagem,30140-096
Con2625,Cidade Nova,31170-190
Con2626,Sagrada Familia,31030-220
Con2627,Belvedere,30320-690
Con2628,Buritis,30575-120
Con2629,Barro Preto,30190-003
Con2630,Buritis,30575-843
Con2631,Castelo,30840-460
Con2632,Planalto,31720-370
Con2633,Buritis,30575-120
Con2634,Savassi,30140-130
Con2635,Nova Granada,30431-355
Con2636,Lourdes,30180-140
Con2637,Luxemburgo,30380-520
Con2638,Gutierrez,30441-070
Con2639,Mantiqueira,31655-290
Con2640,Lourdes,30170-122
Con2641,Belvedere,30320-690
Con2642,Santo Agostinho,30180-098
Con2643,Tirol Barreiro,30662-090
Con2644,Castelo,31330-180
Con2645,CDI Jatoba Barreiro,30664-006
Con2646,Nova Floresta,31140-270
Con2647,Dom Bosco,30830-020
Con2648,Buritis,30575-834
Con2649,California,30855-450
Con2650,Primeiro de Maio,31810-390
Con2651,Itapoa,31710-350
Con2652,Belvedere,30320-640
Con2653,Jardim America,30421-379
Con2654,BOA VIAGEM,30130-170
Con2655,Cachoeirinha,31130-250
Con2656,Lagoinha,31210-010
Con2657,Padre Eustaquio,30720-400
Con2658,Sao Luiz,31275-080
Con2659,Santo Antonio,30350-090
Con2660,Centro,30180-902
Con2661,Tirol Barreiro,30662-130
Con2662,Planalto,31720-300
Con2663,Luxemburgo,30380-400
Con2664,Sion,30315-500
Con2665,Minas Brasil,30730-230
Con2666,Paqueta,31340-280
Con2667,Madri,31744-830
Con2668,Sao Joao Batista Venda Nova,31520-230
Con2669,Gutierrez,30441-018
Con2670,Caicaras,31230-010
Con2671,Savassi,30140-128
Con2672,Carmo,30310-020
Con2673,Palmares,31155-710
Con2674,Goiania,31950-350
Con2675,Cidade Nova,31170-030
Con2676,Buritis,30575-857
Con2677,Graca,31140-122
Con2678,Vera Cruz,30285-160
Con2679,Castelo,31330-020
Con2680,Santo Antonio,30330-220
Con2681,Santo Agostinho,30170-020
Con2682,Grajau,30431-214
Con2683,Cidade Nova,31170-220
Con2684,Centro,30160-916
Con2685,Serra,30220-060
Con2686,Santo Agostinho,30170-041
Con2687,Nova Suissa,30421-223
Con2688,Industrias I Barreiro,30610-310
Con2689,Sion,30320-060
Con2690,Caicaras,30770-080
Con2691,Santa Monica,31530-400
Con2692,Santa Ines,31080-330
Con2693,Carmo,30310-010
Con2694,Luxemburgo,30380-550
Con2695,Alto Barroca,30431-038
Con2696,Estrela do Oriente,30580-353
Con2697,Cruzeiro,30310-320
Con2698,Jardim America,30421-386
Con2699,Uniao,31170-710
Con2700,Diamante Barreiro,30660-030
Con2701,Graca,31140-030
Con2702,Manacas,30840-690
Con2703,Camargos,30520-280
Con2704,Copacabana,31540-530
Con2705,Santa Efigenia,30130-100
Con2706,Buritis,30575-275
Con2707,Alipio de Melo,30830-570
Con2708,Santa Terezinha,31365-100
Con2709,Centro,30190-922
Con2710,Centro,30130-921
Con2711,Nova Vista,31070-130
Con2712,Vale do Jatoba Barreiro,30664-792
Con2713,Sao Gabriel,31980-210
Con2714,Floresta,31015-294
Con2715,Padre Eustaquio,30720-270
Con2716,Santo Antonio,30350-040
Con2717,Esplanada,30280-240
Con2718,Liberdade,31270-310
Con2719,Gutierrez,30441-086
Con2720,Palmares,31160-540
Con2721,Cidade Nova,31170-210
Con2722,Santa Lucia,30360-330
Con2723,Carmo,30310-710
Con2724,Luxemburgo,30380-400
Con2725,Nova Granada,30431-310
Con2726,Centro,30170-124
Con2727,Centro,30190-006
Con2728,Cruzeiro,30310-260
Con2729,Alto Barroca,30431-020
Con2730,Milionarios Barreiro,30620-010
Con2731,Nova Vista,31070-010
Con2732,Sagrada Familia,31035-460
Con2733,Santo Agostinho,30170-041
Con2734,Alto dos Pinheiros,30530-590
Con2735,Sao Pedro,30330-150
Con2736,Belvedere,30320-670
Con2737,Silveira,31140-470
Con2738,Rio Branco,31530-650
Con2739,Buritis,30575-100
Con2740,Buritis,30492-025
Con2741,Santa Lucia,30360-210
Con2742,Sao Jose,31275-000
Con2743,Alto Barroca,30431-012
Con2744,Funcionarios,30140-070
Con2745,Ipiranga,31160-140
Con2746,Cachoeirinha,31150-100
Con2747,Itapoa,31710-400
Con2748,Centro,30170-120
Con2749,Castelo,31330-330
Con2750,Leticia,31570-390
Con2751,Jardim America,30421-428
Con2752,Santo Agostinho,30170-048
Con2753,Santo Antonio,30350-260
Con2754,Santa Lucia,30360-690
Con2755,Vila Cloris,31744-007
Con2756,Caicara-Adelaide,30750-180
Con2757,Planalto,31720-500
Con2758,Paraiso,30270-210
Con2759,Mantiqueira,31655-700
Con2760,Renascenca,31130-600
Con2761,Padre Eustaquio,30720-410
Con2762,Belvedere,30320-680
Con2763,Venda Nova,31610-015
Con2764,Centro,30160-040
Con2765,Anchieta,30310-410
Con2766,Bandeirantes Pampulha,31340-640
Con2767,Senhor dos Passos,31210-300
Con2768,Nova Suissa,30421-163
Con2769,Santa Cruz,31155-020
Con2770,Vitoria,31970-752
Con2771,Cinquentenario,30570-000
Con2772,Ouro Preto,31320-110
Con2773,Serrano,30882-650
Con2774,Centro,30160-043
Con2775,Santa Monica,31565-312
Con2776,Dom Bosco,30850-000
Con2777,Alto Caicaras,30750-270
Con2778,Cachoeirinha,31130-260
Con2779,Sao Gabriel,31980-660
Con2780,Sion,30315-500
Con2781,Castelo,30840-430
Con2782,Funcionarios,30150-288
Con2783,Vera Cruz,30285-170
Con2784,Santa Rosa,31255-502
Con2785,Nova Vista,31070-022
Con2786,Centro,30190-922
Con2787,Bandeirantes Pampulha,31365-440
Con2788,Sao Pedro,30330-050
Con2789,Buritis,30492-020
Con2790,Estoril,30494-150
Con2791,Santo Antonio,30350-120
Con2792,Santa Ines,31080-400
Con2793,Olaria Barreiro,30660-530
Con2794,Vista Alegre,30514-290
Con2795,Buritis,30493-135
Con2796,Nova Suissa,30421-082
Con2797,Lourdes,30160-019
Con2798,Funcionarios,30140-110
Con2799,Buritis,30575-140
Con2800,Buritis,30575-740
Con2801,Paraiso,30260-520
Con2802,Buritis,30575-857
Con2803,Savassi,30140-108
Con2804,Sao Joao Batista Venda Nova,31520-230
Con2805,Sao Francisco,31255-190
Con2806,Anchieta,30310-530
Con2807,Lourdes,30180-150
Con2808,Liberdade,31270-270
Con2809,Funcionarios,30140-060
Con2810,Padre Eustaquio,30720-420
Con2811,Serrano,30882-370
Con2812,Alto Barroca,30431-028
Con2813,Nova Suissa,30421-194
Con2814,Comiteco,30315-350
Con2815,Serra,30220-130
Con2816,Serra,30220-130
Con2817,Sao Tomaz,31741-030
Con2818,Carlos Prates,30710-580
Con2819,Santo Antonio,30350-290
Con2820,Centro,30190-903
Con2821,Estoril,30494-360
Con2822,Floresta,31015-160
Con2823,Venda Nova,31510-070
Con2824,Alto Caicaras,30750-600
Con2825,Concordia,31130-310
Con2826,Lindeia Barreiro,30690-720
Con2827,Urca,31360-360
Con2828,Goiania,31960-080
Con2829,Santa Tereza,31010-220
Con2830,Savassi,30112-024
Con2831,Nova Vista,31070-130
Con2832,Heliopolis,31741-540
Con2833,Gutierrez,30441-123
Con2834,Sao Luiz,31310-040
Con2835,Funcionarios,30112-020
Con2836,Barreiro,30640-050
Con2837,Santa Lucia,30350-590
Con2838,Casa Branca,31050-050
Con2839,Santa Ines,31080-290
Con2840,Nova Cachoeirinha,31250-430
Con2841,Belvedere,30320-760
Con2842,Santo Antonio,30350-260
Con2843,Santa Ines,31080-255
Con2844,Conjunto Celso Machado,30882-040
Con2845,Tupi B,31844-080
Con2846,Sao Joao Batista Venda Nova,31520-240
Con2847,Padre Eustaquio,30720-200
Con2848,Santo Agostinho,30170-041
Con2849,MINAS BRASIL,30535-610
Con2850,Guarani,31840-024
Con2851,Lourdes,30180-124
Con2852,Padre Eustaquio,30720-272
Con2853,Serra,30220-000
Con2854,Sagrada Familia,31030-410
Con2855,Centro,30180-106
Con2856,Nova Suissa,30421-201
Con2857,Santa Margarida Barreiro,30640-180
Con2858,Floramar,31840-240
Con2859,Sao Jose,31275-030
Con2860,Castelo,31330-060
Con2861,Serra,30240-060
Con2862,Inconfidencia,30820-530
Con2863,Camargos,30520-160
Con2864,Salgado Filho,30550-510
Con2865,Santa Monica,31525-270
Con2866,Centro,30190-001
Con2867,Caicaras,30770-040
Con2868,Santo Agostinho,30170-041
Con2869,Buritis,30575-150
Con2870,Milionarios Barreiro,30620-330
Con2871,Belvedere,30320-200
Con2872,Venda Nova,31510-050
Con2873,Paqueta,31330-472
Con2874,Ipe,31930-029
Con2875,Buritis,30575-100
Con2876,Carmo,30310-760
Con2877,Santa Efigenia,30110-915
Con2878,Lourdes,30140-072
Con2879,Santo Agostinho,30140-076
Con2880,Graca,31140-190
Con2881,Estoril,30494-080
Con2882,Uniao,31160-900
Con2883,Grajau,30431-245
Con2884,Sao Pedro,30330-130
Con2885,Madre Gertrudes,30512-710
Con2886,Graca,31140-120
Con2887,Padre Eustaquio,30730-530
Con2888,Sagrada Familia,31035-380
Con2889,Gloria,30870-240
Con2890,Serra Verde Venda Nova,31630-070
Con2891,Sion,30315-500
Con2892,Santa Efigenia,30260-580
Con2893,Barreiro,30640-500
Con2894,Providencia,31814-164
Con2895,Cidade Nova,31170-160
Con2896,Ouro Preto,31330-680
Con2897,Sion,30320-000
Con2898,Jardim Sao Jose,30820-110
Con2899,Sagrada Familia,31035-450
Con2900,Barro Preto,30190-914
Con2901,Santa Tereza,31015-070
Con2902,Alto Caicaras,30750-410
Con2903,Caicaras,30775-520
Con2904,Teixeira Dias Barreiro,30642-270
Con2905,Sagrada Familia,31035-470
Con2906,Havai,30570-670
Con2907,Ceu Azul,31580-510
Con2908,Santa Cruz,31155-160
Con2909,Minas Brasil,30730-240
Con2910,Monsenhor Messias,30720-474
Con2911,Ipiranga,31160-243
Con2912,Gutierrez,30441-063
Con2913,Vila Cloris,31744-125
Con2914,Bernadete Barreiro,30622-056
Con2915,Santa Efigenia,30260-150
Con2916,Colegio Batista,31110-400
Con2917,Fernao Dias,31910-540
Con2918,Sao Bento,30360-010
Con2919,Fernao Dias,31910-444
Con2920,Savassi,30130-174
Con2921,Goiania,31950-060
Con2922,Goiania,31960-070
Con2923,Universitario,31255-485
Con2924,Santa Tereza,31015-115
Con2925,Buritis,30575-815
Con2926,Santa Lucia,30360-112
Con2927,Sagrada Familia,31035-510
Con2928,Cidade Nova,31170-260
Con2929,Juliana,31744-590
Con2930,Leticia,31570-390
Con2931,Itapoa,31710-400
Con2932,Buritis,30575-310
Con2933,Jaragua,31270-470
Con2934,Sao Jose,31275-000
Con2935,Guarani,31840-120
Con2936,Serra,30210-523
Con2937,Centro,30120-058
Con2938,Prado,30411-052
Con2939,Sao Geraldo,31050-500
Con2940,Jaragua,31270-350
Con2941,Belvedere,30320-680
Con2942,Luxemburgo,30380-400
Con2943,Funcionarios,30140-110
Con2944,Santa Ines,31080-400
Con2945,Concordia,31110-700
Con2946,Lourdes,30170-122
Con2947,Gutierrez,30441-110
Con2948,Renascenca,31130-370
Con2949,Goiania,31950-020
Con2950,Paraiso,30270-160
Con2951,Serrano,30882-550
Con2952,Sao Gabriel,31980-440
Con2953,Cidade Nova,31170-080
Con2954,Centro,30170-121
Con2955,Uniao,31170-490
Con2956,Centro,30130-001
Con2957,Colegio Batista,31110-110
Con2958,Sao Luiz,31270-760
Con2959,Coracao Eucaristico,30535-610
Con2960,Savassi,30140-118
Con2961,Santa Efigenia,30150-230
Con2962,Camargos,30520-150
Con2963,Santa Ines,31080-150
Con2964,Sao Joao Batista Venda Nova,31515-393
Con2965,Buritis,30575-815
Con2966,Carlos Prates,30710-454
Con2967,Jardim America,30421-452
Con2968,Buritis,30575-140
Con2969,Vista do Sol,31990-490
Con2970,Dom Bosco,30850-330
Con2971,Planalto,31730-620
Con2972,Granja de Freitas,30285-240
Con2973,Alto Barroca,30431-020
Con2974,Araguaia,30620-740
Con2975,Floresta,31015-280
Con2976,Serra,30220-300
Con2977,Funcionarios,30130-913
Con2978,Sao Lucas,30240-540
Con2979,Santo Agostinho,30190-111
Con2980,Barreiro,30640-080
Con2981,Lourdes,30180-150
Con2982,Cruzeiro,30310-080
Con2983,Lourdes,30140-074
Con2984,Heliopolis,31741-460
Con2985,Santa Amelia,31555-190
Con2986,Padre Eustaquio,30720-420
Con2987,Tupi A,31840-050
Con2988,Sion,30315-450
Con2989,Castelo,31330-050
Con2990,Santa Lucia,30320-055
Con2991,Serra do Curral,30628-418
Con2992,Cardoso Barreiro,30626-670
Con2993,Boa Viagem,30130-170
Con2994,Barro Preto,30140-062
Con2995,Savassi,30150-318
Con2996,Savassi,30140-091
Con2997,Serra,30240-030
Con2998,Santa Maria,30525-160
Con2999,Diamante Barreiro,30644-158
Con3000,Serra,30210-570
Con3001,BOA VISTA,31060-480
Con3002,Lindeia Barreiro,30690-000
Con3003,Padre Eustaquio,30720-290
Con3004,Sao Bento,30360-030
Con3005,Sagrada Familia,31035-560
Con3006,Nova Suissa,30421-163
Con3007,Belvedere,30320-900
Con3008,Carmo,30310-040
Con3009,Buritis,30575-839
Con3010,Boa Viagem,30130-183
Con3011,Santa Amelia,31555-000
Con3012,Luxemburgo,30380-403
Con3013,Lourdes,30160-042
Con3014,Buritis,30575-140
Con3015,Gutierrez,30441-114
Con3016,Dona Clara,31260-210
Con3017,Barro Preto,30180-072
Con3018,Minascaixa,31610-360
Con3019,Ouro Preto,31340-050
Con3020,Boa Viagem,30130-170
Con3021,Castanheira Barreiro,30670-020
Con3022,Centro,30160-010
Con3023,Gloria,30870-100
Con3024,Cidade Nova,31170-050
Con3025,Santo Agostinho,30170-116
Con3026,Floramar,31742-107
Con3027,Buritis,30575-855
Con3028,Belvedere,30320-670
Con3029,Buritis,30493-030
Con3030,Estoril,30494-250
Con3031,Santa Amelia,31555-290
Con3032,Rio Branco,31535-260
Con3033,Europa,31620-400
Con3034,Santo Andre,31210-580
Con3035,Barro Preto,30140-062
Con3036,Cidade Nova,31170-240
Con3037,Copacabana,31550-400
Con3038,Santa Lucia,30360-114
Con3039,Cachoeirinha,31130-080
Con3040,Gutierrez,30441-114
Con3041,Santa Efigenia,30240-350
Con3042,Lourdes,30170-084
Con3043,Belvedere,30320-400
Con3044,Ribeiro de Abreu,31870-620
Con3045,Barro Preto,30170-114
Con3046,Buritis,30575-210
Con3047,Solar do Barreiro Barreiro,30628-140
Con3048,Cidade Nova,31170-070
Con3049,Santa Lucia,30360-260
Con3050,Nova Vista,31070-200
Con3051,Buritis,30575-180
Con3052,Buritis,30575-160
Con3053,Carmo,30310-730
Con3054,Gutierrez,30441-039
Con3055,Centro,30160-031
Con3056,Venda Nova,31660-000
Con3057,Caicaras,30775-520
Con3058,Carmo,30310-370
Con3059,Palmares,31155-430
Con3060,Carlos Prates,30710-020
Con3061,Santo Antonio,30350-220
Con3062,Havai,30555-130
Con3063,Sagrada Familia,31035-340
Con3064,Belvedere,30320-660
Con3065,Buritis,30575-265
Con3066,Savassi,30130-174
Con3067,Buritis,30575-817
Con3068,Santa Maria,30525-130
Con3069,Centro,30170-131
Con3070,Belvedere,30320-580
Con3071,Savassi,30140-131
Con3072,Coracao de Jesus,30380-230
Con3073,Sagrada Familia,31035-340
Con3074,Buritis,30575-080
Con3075,Castelo,31330-340
Con3076,Nova Suissa,30421-012
Con3077,Buritis,30575-270
Con3078,Nova Granada,30431-315
Con3079,Alipio de Melo,30830-610
Con3080,Savassi,30140-108
Con3081,Centro,30111-020
Con3082,Savassi,30150-370
Con3083,Diamante Barreiro,30627-205
Con3084,Savassi,30112-011
Con3085,Coracao de Jesus,30380-380
Con3086,Sao Jose,31275-050
Con3087,Sion,30320-060
Con3088,Santa Amelia,31555-050
Con3089,Centro,30170-907
Con3090,Santo Andre,31230-430
Con3091,Cruzeiro,30310-080
Con3092,Dom Cabral,30535-160
Con3093,Sao Lucas,30240-210
Con3094,Jardim Alvorada,30810-310
Con3095,Savassi,30130-138
Con3096,Bandeirantes Pampulha,31340-610
Con3097,Milionarios Barreiro,30620-050
Con3098,Belvedere,30320-650
Con3099,Coracao de Jesus,30380-252
Con3100,Padre Eustaquio,30730-420
Con3101,Serra,30240-240
Con3102,Santo Agostinho,30180-061
Con3103,Alto Barroca,30431-045
Con3104,Havai,30570-330
Con3105,Mantiqueira,31680-320
Con3106,Sao Pedro,30330-050
Con3107,Sao Bernardo,31741-388
Con3108,Santo Antonio,30350-220
Con3109,Cruzeiro,30310-110
Con3110,Buritis,30575-843
Con3111,Copacabana,31540-610
Con3112,Itapoa,31710-220
Con3113,Sagrada Familia,31030-360
Con3114,Tupi A,31842-190
Con3115,Santa Branca,31565-100
Con3116,PARAISO,30270-080
Con3117,Buritis,30575-834
Con3118,Parque Sao Pedro Venda Nova,31610-260
Con3119,Sao Joao Batista Venda Nova,31520-180
Con3120,Coracao Eucaristico,30535-630
Con3121,Santa Lucia,30360-450
Con3122,Centro,30120--05
Con3123,Esplanada,30280-240
Con3124,Caicara-Adelaide,30770-420
Con3125,Paqueta,30810-600
Con3126,Jardim Montanhes,30750-030
Con3127,Palmares,31160-530
Con3128,Jardim Leblon,31540-100
Con3129,CRUZEIRO,30110-035
Con3130,LINDEIA,30690-580
Con3131,Fernao Dias,31910-442
Con3132,Copacabana,31540-630
Con3133,Buritis,30575-140
Con3134,Taquaril,30295-200
Con3135,Sao Gabriel,31980-570
Con3136,Serra Verde Venda Nova,31630-160
Con3137,Funcionarios,30140-110
Con3138,Santa Efigenia,30150-242
Con3139,Sao Luiz,31270-760
Con3140,Cachoeirinha,31150-210
Con3141,Anchieta,30310-580
Con3142,Betania,30580-260
Con3143,Heliopolis,31741-545
Con3144,Cidade Nova,31170-193
Con3145,Caicaras,30770-190
Con3146,Jardim America,30421-351
Con3147,Paqueta,31330-572
Con3148,Prado,30411-137
Con3149,Santa Amelia,31560-240
Con3150,Minascaixa,31610-450
Con3151,Estoril,30455-610
Con3152,Santa Lucia,30350-640
Con3153,Vila Cloris,31744-145
Con3154,Jardim Montanhes,30750-010
Con3155,Sao Pedro,30330-050
Con3156,Nova Suissa,30421-031
Con3157,Ouro Preto,31310-550
Con3158,Santo Agostinho,30190-111
Con3159,Savassi,30130-138
Con3160,Padre Eustaquio,30720-320
Con3161,Caicaras,30770-050
Con3162,Funcionarios,30140-080
Con3163,Venda Nova,31615-250
Con3164,Salgado Filho,30550-175
Con3165,Fernao Dias,31910-270
Con3166,Sagrada Familia,31035-570
Con3167,Grajau,30431-189
Con3168,Calafate,30411-505
Con3169,Paqueta,31340-250
Con3170,Santa Amelia,31555-300
Con3171,Coracao de Jesus,30380-260
Con3172,Sao Bento,30350-342
Con3173,Ouro Minas,31870-290
Con3174,Santa Monica,31530-410
Con3175,Itapoa,31710-340
Con3176,Uniao,31160-372
Con3177,FUNCIONARIOS,30140-091
Con3178,Coracao Eucaristico,30535-610
Con3179,Santa Monica,31530-140
Con3180,Prado,30411-216
Con3181,Lourdes,30170-084
Con3182,Buritis,30575-110
Con3183,Jardim Leblon,31540-180
Con3184,Santo Agostinho,30170-008
Con3185,Santa Efigenia,30240-360
Con3186,Sao Gabriel,31980-660
Con3187,Rio Branco,31530-560
Con3188,Cidade Jardim,30380-010
Con3189,Vila Cloris,31744-320
Con3190,Ouro Preto,31320-020
Con3191,Grajau,30431-225
Con3192,Tupi B,31844-150
Con3193,SAGRADA FAMILIA,31035-570
Con3194,Indaia,31270-055
Con3195,Itatiaia,31360-660
Con3196,Palmares,31155-740
Con3197,Sion,30320-020
Con3198,Itapoa,31710-630
Con3199,Itapoa,31710-530
Con3200,Araguaia,30620-750
Con3201,Tirol Barreiro,30662-300
Con3202,Santa Lucia,30360-620
Con3203,Boa Viagem,30130-185
Con3204,ALPES,30494-170
Con3205,Sion,30320-060
Con3206,Ouro Preto,31310-230
Con3207,Grajau,30431-134
Con3208,Bandeirantes Pampulha,31340-560
Con3209,Olhos D'Agua,30390-082
Con3210,Centro,30170-121
Con3211,Padre Eustaquio,30730-020
Con3212,Nova Suissa,30421-326
Con3213,Jardim Atlantico,31550-000
Con3214,Liberdade,31270-260
Con3215,Boa Vista,31060-450
Con3216,Castelo,30840-480
Con3217,Santo Andre,31230-150
Con3218,Jardim dos Comerciarios Venda Nova,31640-130
Con3219,Barreiro,30640-480
Con3220,Jardim America,30421-379
Con3221,Araguaia,30620-150
Con3222,Buritis,30575-820
Con3223,Centro,30120-010
Con3224,Buritis,30575-080
Con3225,Planalto,31720-485
Con3226,Anchieta,30310-530
Con3227,CAu Azul,31585-200
Con3228,Lourdes,30140-072
Con3229,Santo Agostinho,30190-100
Con3230,Nova Suissa,30421-163
Con3231,Luxemburgo,30380-403
Con3232,Uniao,31170-680
Con3233,Luxemburgo,30380-403
Con3234,Coracao Eucaristico,30535-510
Con3235,Sao Joao Batista Venda Nova,31515-340
Con3236,Sao Jose,31275-020
Con3237,Buritis,30575-190
Con3238,Sagrada Familia,31030-330
Con3239,Cruzeiro,30310-320
Con3240,Sao Pedro,30330-152
Con3241,NazarA,31990-200
Con3242,Funcionarios,30140-060
Con3243,Carlos Prates,30710-200
Con3244,BOA VIAGEM,30130-167
Con3245,Buritis,30493-030
Con3246,Aparecida Setima Secao,31250-115
Con3247,Buritis,30575-265
Con3248,Santo Agostinho,30140-903
Con3249,Ermelinda,31250-250
Con3250,Santa LAcia,30350-580
Con3251,Floresta,31015-220
Con3252,Savassi,30112-000
Con3253,ItapoA,31710-350
Con3254,Santa InAs,31080-330
Con3255,CalifArnia,30855-450
Con3256,California,30855-450
Con3257,UNIAO,31170-660
Con3258,Santo AntAnio,30350-190
Con3259,FUNCIONARIOS,30140-170
Con3260,Barreiro,30640-060
Con3261,Nova SuAssa,30421-239
Con3262,Santo Agostinho,30190-131
Con3263,FUNCIONARIOS,30140-130
Con3264,Sion,30320-010
Con3265,Savassi,30150-370
Con3266,Floresta,30110-008
Con3267,Belvedere,30320-440
Con3268,JATOBA (BARREIRO),30692-673
Con3269,Prado,30411-228
Con3270,Belvedere,30320-700
Con3271,Esplanada,30280-230
Con3272,FUNCIONARIOS,30112-000
Con3273,Belvedere,30320-630
Con3274,Santo Agostinho,30180-061
Con3275,SAo JosA,31275-030
Con3276,Buritis,30575-110
Con3277,GarAas,31545-030
Con3278,Planalto,31730-610
Con3279,Buritis,30493-145
Con3280,Jardim Leblon,31540-280
Con3281,SAo Luiz,31270-802
Con3282,Floresta,31015-174
Con3283,SANTO ANDRE,31230-210
Con3284,Centro,30120-040
Con3285,ItapoA,31710-540
Con3286,Belvedere,30320-670
Con3287,PAQUETA,31330-472
Con3288,MINASLANDIA,31812-115
Con3289,Sion,30310-300
Con3290,Santa AmAlia,31555-250
Con3291,Nova Granada,30431-320
Con3292,Savassi,30130-153
Con3293,Calafate,30411-303
Con3294,SANTA MONICA,31520-510
Con3295,Luxemburgo,30380-370
Con3296,JARDIM VITORIA,31970-010
Con3297,Santa Branca,31565-100
Con3298,Boa Vista,31060-480
Con3299,Santo AntAnio,30330-250
Con3300,VALE DO JATOBA,30664-240
Con3301,Santo AndrA,31230-052
Con3302,Centro,30190-005
Con3303,Santo AntAnio,30330-230
Con3304,Serra,30220-000
Con3305,Ouro Preto,31310-590
Con3306,Belvedere,30320-670
Con3307,Centro,30180-000
Con3308,Castelo,30840-440
Con3309,Sao Luiz,31310-010
Con3310,Centro,30160-043
Con3311,Prado,30411-225
Con3312,Trevo,31370-680
Con3313,Santa Terezinha,31365-180
Con3314,Buritis,30575-160
Con3315,Coracao de Jesus,30380-380
Con3316,Sion,30320-140
Con3317,Santo Andre,31230-460
Con3318,Funcionarios,30112-020
Con3319,Coracao de Jesus,30380-232
Con3320,Lourdes,30140-072
Con3321,Planalto,31720-080
Con3322,Serra,30220-250
Con3323,Sion,30315-450
Con3324,Horto,31015-066
Con3325,Barro Preto,30170-114
Con3326,Betania,30590-230
Con3327,Jardim Montanhes,30750-552
Con3328,Funcionarios,30150-902
Con3329,Novo Gloria,30880-310
Con3330,Liberdade,31270-323
Con3331,Buritis,30493-175
Con3332,Castelo,30840-460
Con3333,Luxemburgo,30380-560
Con3334,Luxemburgo,30380-560
Con3335,Santa Efigenia,30150-310
Con3336,Nova Vista,31070-080
Con3337,Lourdes,30140-061
Con3338,Juliana,31744-630
Con3339,Joao Pinheiro,30530-150
Con3340,Estoril,30494-060
Con3341,Santa Lucia,30360-450
Con3342,Ouro Minas,31870-330
Con3343,Savassi,30140-105
Con3344,Santo Antonio,30330-240
Con3345,Sao Pedro,30330-130
Con3346,Funcionarios,30112-020
Con3347,Rio Branco,31535-300
Con3348,Belvedere,30320-670
Con3349,Coracao de Jesus,30380-270
Con3350,Itapoa,31710-050
Con3351,Lourdes,30110-056
Con3352,Vila Paris,30380-725
Con3353,Tirol Barreiro,30662-090
Con3354,Esplanada,30280-170
Con3355,Coracao Eucaristico,30535-430
Con3356,Graca,31140-060
Con3357,Estoril,30494-100
Con3358,Sion,30310-300
Con3359,Jardim America,30421-386
Con3360,Buritis,30575-815
Con3361,Buritis,30575-180
Con3362,Grajau,30431-121
Con3363,Santa Amelia,31560-300
Con3364,Palmeiras,30575-590
Con3365,Floramar,31742-052
Con3366,Vila Paris,30380-725
Con3367,Centro,30190-922
Con3368,BURITIS,30575-340
Con3369,Palmares,31155-700
Con3370,Olaria Barreiro,30660-280
Con3371,Santa Lucia,30360-080
Con3372,Barro Preto,30190-134
Con3373,Sao Pedro,30330-160
Con3374,Conjunto California,30850-630
Con3375,Anchieta,30310-450
Con3376,Novo Gloria,30870-320
Con3377,Santa Lucia,30350-630
Con3378,Santa Cruz,31155-030
Con3379,Ouro Preto,31310-240
Con3380,Centro,30120-074
Con3381,Braunas,31365-480
Con3382,Buritis,30575-210
Con3383,Alipio de Melo,30830-550
Con3384,Pindorama,30865-000
Con3385,Savassi,30130-171
Con3386,Grajau,30431-225
Con3387,LUXEMBURGO,30380-600
Con3388,Esplanada,30280-160
Con3389,Castelo,31330-020
Con3390,Gutierrez,30441-023
Con3391,Buritis,30575-100
Con3392,Sion,30315-460
Con3393,PADRE EUSTAQUI,30720-340
Con3394,Dom Bosco,30850-263
Con3395,Sion,30315-580
Con3396,Santo Antonio,30350-142
Con3397,Centro,30190-030
Con3398,Buritis,30493-080
Con3399,Santa Tereza,31015-115
Con3400,Mangabeiras,30210-420
Con3401,Luxemburgo,30380-550
Con3402,Santo Agostinho,30170-115
Con3403,Nova Suissa,30421-112
Con3404,Coracao de Jesus,30380-380
Con3405,Sion,30320-060
Con3406,Coracao Eucaristico,30535-630
Con3407,Sao Cristovao,31210-697
Con3408,Centro,30160-040
Con3409,Serrano,30882-620
Con3410,Belvedere,30320-630
Con3411,ITAPOA,31710-200
Con3412,Santo Antonio,30330-190
Con3413,Sion,30320-100
Con3414,Sao Lucas,30240-220
Con3415,Gutierrez,30430-150
Con3416,Palmares,31155-675
Con3417,Itapoa,31710-220
Con3418,Serra,30220-280
Con3419,Sagrada Familia,31030-330
Con3420,Buritis,30575-100
Con3421,Floresta,30150-020
Con3422,Nova Granada,30431-364
Con3423,Belvedere,30320-630
Con3424,Buritis,30575-831
Con3425,Luxemburgo,30380-500
Con3426,Aparecida,31235-100
Con3427,Carmo,30330-000
Con3428,Nova Suissa,30421-265
Con3429,Caicara-Adelaide,30770-380
Con3430,Comiteco,30315-032
Con3431,Belvedere,30320-690
Con3432,Sao Lucas,30240-210
Con3433,Palmares,31160-580
Con3434,Cidade Nova,31170-360
Con3435,Funcionarios,30140-100
Con3436,Castelo,31330-430
Con3437,Belvedere,30320-540
Con3438,Santa Ines,31080-260
Con3439,Estoril,30455-640
Con3440,Anchieta,30310-540
Con3441,Ouro Preto,31340-020
Con3442,Carlos Prates,30710-640
Con3443,Barreiro,30642-030
Con3444,Saudade,30285-110
Con3445,Estoril,30494-170
Con3446,Belvedere,30320-670
Con3447,Betania,30580-490
Con3448,Santa Rosa,31255-720
Con3449,Cardoso Barreiro,30626-620
Con3450,Camargos,30525-480
Con3451,Carlos Prates,30710-602
Con3452,Sao Joao Batista Venda Nova,31515-200
Con3453,Alto dos Pinheiros,30530-600
Con3454,CIDADE JARDIM,30180-103
Con3455,Industrias I Barreiro,30610-160
Con3456,Buritis,30575-290
Con3457,Sao Pedro,30330-040
Con3458,Salgado Filho,30550-162
Con3459,Buritis,30575-160
Con3460,Centro,30170-120
Con3461,Santo Antonio,30350-220
Con3462,Alto Barroca,30431-020
Con3463,Serra,30240-230
Con3464,Sagrada Familia,31030-350
Con3465,Barro Preto,30180-070
Con3466,Dona Clara,31260-340
Con3467,Ribeiro de Abreu,31870-580
Con3468,Prado,30411-107
Con3469,Rio Branco,31535-030
Con3470,Centro,30170-912
Con3471,Santo Antonio,30330-270
Con3472,Jardim America,30421-410
Con3473,Ouro Preto,31310-480
Con3474,Sao Geraldo,31050-280
Con3475,Santa Terezinha,31360-100
Con3476,Ouro Preto,31310-520
Con3477,Santa Ines,31080-140
Con3478,Estoril,30494-060
Con3479,Cruzeiro,30310-090
Con3480,Sion,30315-540
Con3481,Savassi,30140-108
Con3482,Nova Granada,30431-320
Con3483,Buritis,30575-130
Con3484,Santo Agostinho,30170-048
Con3485,Santa Amelia,31555-250
Con3486,Nova Suissa,30421-125
Con3487,Sion,30315-540
Con3488,Saudade,30285-070
Con3489,Gutierrez,30441-039
Con3490,Carmo,30310-710
Con3491,Nova Esperanca,31230-350
Con3492,Nova Suissa,30421-318
Con3493,Santa Branca,31565-320
Con3494,Carlos Prates,30710-602
Con3495,Floresta,30150-040
Con3496,Santo Antonio,30350-213
Con3497,Coracao Eucaristico,30535-430
Con3498,Savassi,30140-909
Con3499,Santo Antonio,30330-140
Con3500,Belvedere,30320-580
Con3501,Santo Antonio,30110-935
Con3502,Joao Pinheiro,30530-000
Con3503,Castelo,30840-372
Con3504,Castelo,31330-220
Con3505,Barreiro,30640-100
Con3506,Industrias I Barreiro,30610-040
Con3507,Jardim America,30421-392
Con3508,Ribeiro de Abreu,31870-552
Con3509,Buritis,30575-070
Con3510,Novo das Industrias Barreiro,30610-660
Con3511,Buritis,30575-180
Con3512,Buritis,30575-857
Con3513,Liberdade,31270-190
Con3514,Barreiro,30640-080
Con3515,Bandeirantes Pampulha,31340-600
Con3516,Saudade,30285-680
Con3517,Serra,30220-060
Con3518,Nova Granada,30431-350
Con3519,Buritis,30575-847
Con3520,Jardinopolis,30510-510
Con3521,Estoril,30494-085
Con3522,Buritis,30575-120
Con3523,Caicaras,30775-560
Con3524,Sagrada Familia,31030-220
Con3525,Anchieta,30310-383
Con3526,Luxemburgo,30380-400
Con3527,Santa Cruz,31150-480
Con3528,Lourdes,30160-046
Con3529,Cidade Nova,31170-300
Con3530,Luxemburgo,30380-410
Con3531,Alpes,30451-669
Con3532,Estoril,30494-250
Con3533,Luxemburgo,30380-550
Con3534,Sagrada Familia,31030-360
Con3535,Coracao Eucaristico,30535-630
Con3536,Sao Joao Batista Venda Nova,31520-180
Con3537,Goiania,31950-320
Con3538,Sagrada Familia,31035-590
Con3539,Palmares,31160-550
Con3540,Caicaras,30775-520
Con3541,Paqueta,31330-632
Con3542,Castelo,31330-290
Con3543,Santo Andre,31230-200
Con3544,Santa Lucia,30360-552
Con3545,Sion,30320-060
Con3546,Lourdes,30140-074
Con3547,Liberdade,31270-300
Con3548,Buritis,30575-210
Con3549,Anchieta,30310-380
Con3550,Nova Suissa,30421-310
Con3551,Lourdes,30130-186
Con3552,Centro,30190-000
Con3553,Jaqueline,31748-248
Con3554,Leticia,31570-050
Con3555,Dona Clara,31260-250
Con3556,Sao Bernardo,31741-315
Con3557,Buritis,30575-834
Con3558,Centro,30180-905
Con3559,Gutierrez,30441-127
Con3560,Mangabeiras,30210-040
Con3561,Belvedere,30320-680
Con3562,Santo Andre,31230-460
Con3563,Gutierrez,30441-152
Con3564,Sao Joao Batista Venda Nova,31520-260
Con3565,Belvedere,30320-590
Con3566,Funcionarios,30140-090
Con3567,Serra,30220-080
Con3568,Savassi,30140-128
Con3569,Milionarios Barreiro,30620-100
Con3570,Barro Preto,30180-090
Con3571,Vila Paris,30380-725
Con3572,Sao Luiz,31275-060
Con3573,Ceu Azul,31578-430
Con3574,Belvedere,30320-660
Con3575,Sao Bento,30350-563
Con3576,Serra,30130-008
Con3577,Santo Agostinho,30170-115
Con3578,Savassi,30150-370
Con3579,Camargos,30520-240
Con3580,Graca,31140-020
Con3581,Santa Rita Barreiro,30668-635
Con3582,Padre Eustaquio,30720-412
Con3583,Lourdes,30170-135
Con3584,Centro,30190-912
Con3585,Paqueta,30810-620
Con3586,Ermelinda,31250-250
Con3587,Santa Lucia,30360-230
Con3588,Sion,30320-140
Con3589,Sion,30310-300
Con3590,Sion,30310-300
Con3591,Sao Marcos,31910-390
Con3592,Belvedere,30320-660
Con3593,Nova Suissa,30421-300
Con3594,Santa Efigenia,30150-242
Con3595,Camargos,30520-150
Con3596,Sagrada Familia,31035-060
Con3597,Cidade Nova,31170-240
Con3598,Serra,30130-008
Con3599,Serra,30130-008
Con3600,Lourdes,30160-042
Con3601,Boa Vista,31060-427
Con3602,Estoril,30494-270
Con3603,Buritis,30575-740
Con3604,Sagrada Familia,31035-390
Con3605,Boa Viagem,30130-183
Con3606,Carmo,30310-750
Con3607,Serra,30240-010
Con3608,Jardim Leblon,31540-480
Con3609,Minaslandia P Maio,31812-240
Con3610,Fernao Dias,31910-532
Con3611,Boa Viagem,30130-160
Con3612,Serrano,30882-000
Con3613,Cidade Nova,31170-100
Con3614,Vila Paris,30380-740
Con3615,Tirol Barreiro,30662-150
Con3616,Funcionarios,30150-321
Con3617,Buritis,30492-040
Con3618,Nazare,31990-010
Con3619,Minascaixa,31610-300
Con3620,Piratininga Venda Nova,31570-640
Con3621,Colegio Batista,31110-270
Con3622,Aparecida Setima Secao,31250-130
Con3623,Anchieta,30310-430
Con3624,Grajau,30431-160
Con3625,Santo Antonio,30330-240
Con3626,Anchieta,30310-700
Con3627,Prado,30411-233
Con3628,Sion,30320-080
Con3629,Vila Oeste,30532-097
Con3630,Estoril,30494-250
Con3631,Sagrada Familia,31035-470
Con3632,Floresta,30150-020
Con3633,Estrela do Oriente,30580-100
Con3634,Barreiro,30640-095
Con3635,Nova Suissa,30421-335
Con3636,Coracao de Jesus,30380-380
Con3637,Belvedere,30320-760
Con3638,Colegio Batista,31110-210
Con3639,Centro,30170-133
Con3640,Lourdes,30180-160
Con3641,Lourdes,30140-087
Con3642,Goiania,31960-480
Con3643,Manacas,30840-710
Con3644,Sagrada Familia,31035-470
Con3645,Savassi,30130-913
Con3646,Savassi,30150-905
Con3647,Centro,30120-903
Con3648,Funcionarios,30150-311
Con3649,Estoril,30494-170
Con3650,Santa Amelia,31560-270
Con3651,Luxemburgo,30380-400
Con3652,Sao Francisco,31255-170
Con3653,Anchieta,30310-700
Con3654,Boa Vista,31060-360
Con3655,Dona Clara,31260-210
Con3656,Funcionarios,30130-131
Con3657,Jardim Sao Jose,30820-320
Con3658,Sion,30320-050
Con3659,Lourdes,30160-038
Con3660,Barro Preto,30140-062
Con3661,Indaia,31270-020
Con3662,Marajo,30570-420
Con3663,Santa Tereza,31010-085
Con3664,Boa Vista,31070-430
Con3665,Funcionarios,30130-030
Con3666,Coracao de Jesus,30380-230
Con3667,Vera Cruz,30285-310
Con3668,Santo Agostinho,30190-094
Con3669,Santa Tereza,31010-514
Con3670,Pindorama,30865-030
Con3671,Industrias II,30514-070
Con3672,Padre Eustaquio,30720-350
Con3673,Santa Lucia,30360-260
Con3674,Sao Francisco,31255-170
Con3675,Sion,30320-135
Con3676,Pindorama,30865-000
Con3677,Barroca,30431-051
Con3678,Floresta,30150-010
Con3679,Palmares,31155-650
Con3680,Serra,30220-420
Con3681,Piratininga Venda Nova,31573-080
Con3682,Ceu Azul,31545-150
Con3683,Sagrada Familia,31035-320
Con3684,SINIMBU,31530-600
Con3685,Alipio de Melo,30840-240
Con3686,Leticia,31570-180
Con3687,Castelo,31330-090
Con3688,Santo Antonio,30330-220
Con3689,Santo Antonio,30330-240
Con3690,Centro,30190-061
Con3691,Prado,30411-127
Con3692,Santa Cruz,31155-290
Con3693,Horto Florestal,31035-200
Con3694,Nova Suissa,30421-131
Con3695,Bandeirantes Pampulha,31340-550
Con3696,Leticia,31570-180
Con3697,Sion,30310-680
Con3698,Floramar,31742-114
Con3699,Sao Luiz,31270-740
Con3700,Jardim Leblon,31540-230
Con3701,Concordia,31110-750
Con3702,Cruzeiro,30310-330
Con3703,Funcionarios,30150-313
Con3704,Santa Tereza,31010-470
Con3705,Fernao Dias,31920-242
Con3706,Santo Agostinho,30190-131
Con3707,Jardim Montanhes,30720-550
Con3708,Santa Amelia,31555-230
Con3709,Sao Joao Batista,31515-393
Con3710,Piraja,31910-670
Con3711,SAO MARCOS,31930-020
Con3712,Centro,30170-908
Con3713,Jardim Alvorada,30810-340
Con3714,Buritis,30575-130
Con3715,SAO FRANCISCO,30575-716
Con3716,Cidade Nova,31170-200
Con3717,Sion,30315-500
Con3718,Lourdes,30170-084
Con3719,Dona Clara,31260-240
Con3720,Centro,30170-909
Con3721,Novo das Industrias Barreiro,30610-590
Con3722,Serrano,30882-550
Con3723,Gutierrez,30441-042
Con3724,Santa Lucia,30360-620
Con3725,Coqueiros,30880-440
Con3726,Minas Brasil,30730-200
Con3727,Anchieta,30310-520
Con3728,Santo Antonio,30330-120
Con3729,Bonfim,31210-150
Con3730,Buritis,30575-740
Con3731,Vista Alegre,30514-470
Con3732,Funcionarios,30150-313
Con3733,Savassi,30112-010
Con3734,Barro Preto,30180-060
Con3735,Ceu Azul,31545-000
Con3736,Lourdes,30140-082
Con3737,Santo Antonio,30330-270
Con3738,Joao Pinheiro,30530-090
Con3739,Alto Caicaras,30750-510
Con3740,Santa Monica,31530-000
Con3741,Europa,31620-090
Con3742,Jardim Montanhes,30750-010
Con3743,Luxemburgo,30380-360
Con3744,Santa Ines,31080-150
Con3745,Nova Suissa,30421-201
Con3746,Santa Ines,31080-260
Con3747,Canaa,31749-010
Con3748,Barro Preto,30190-110
Con3749,Cinquentenario,30570-390
Con3750,Dona Clara,31260-240
Con3751,Esplanada,30280-220
Con3752,Carlos Prates,30710-180
Con3753,Cruzeiro,30310-160
Con3754,Minas Brasil,30730-240
Con3755,Serrano,30882-400
Con3756,Santo Andre,31230-130
Con3757,Engenho Nogueira,31320-560
Con3758,Castelo,31330-292
Con3759,Camargos,30520-500
Con3760,Prado,30411-145
Con3761,Alto Barroca,30431-025
Con3762,Jardim Leblon,31540-190
Con3763,Santa Tereza,31010-085
Con3764,Milionarios Barreiro,30620-030
Con3765,Cidade Jardim,30380-060
Con3766,Granja de Freitas,30286-130
Con3767,Sao Bento,30360-010
Con3768,Sion,30320-135
Con3769,Graca,31140-070
Con3770,Cidade Nova,31170-210
Con3771,Esplanada,30280-170
Con3772,Cinquentenario,30570-080
Con3773,Funcionarios,30112-020
Con3774,Ouro Preto,31320-060
Con3775,Cachoeirinha,31150-090
Con3776,Cardoso Barreiro,30626-480
Con3777,Santa Cruz,31150-480
Con3778,Camargos,30525-450
Con3779,Santa Branca,31565-100
Con3780,Ceu Azul,31585-200
Con3781,Santa Branca,31565-100
Con3782,Liberdade,31270-220
Con3783,Buritis,30492-020
Con3784,Carlos Prates,30710-580
Con3785,Planalto,31730-512
Con3786,Floramar,31742-011
Con3787,Castelo,31330-040
Con3788,Estoril,30494-310
Con3789,Tupi B,31844-140
Con3790,Venda Nova,31510-530
Con3791,Joao Pinheiro,30530-300
Con3792,Paqueta,31330-480
Con3793,Palmares,31155-670
Con3794,Palmeiras,30575-460
Con3795,Dom Bosco,30850-000
Con3796,Santa Amelia,31560-200
Con3797,Bandeirantes,31365-440
Con3798,Buritis,30492-040
Con3799,Sao Luiz,31270-820
Con3800,Sagrada Familia,31030-340
Con3801,Alto Barroca,30431-012
Con3802,Castelo,31330-240
Con3803,Buritis,30575-817
Con3804,Concordia,31130-000
Con3805,Santo Antonio,30330-228
Con3806,Madre Gertrudes,30518-240
Con3807,Castelo,31330-290
Con3808,Parque Sao Jose,30570-575
Con3809,Prado,30411-140
Con3810,Colegio Batista,31110-210
Con3811,Horto Florestal,31035-000
Con3812,Colegio Batista,31110-272
Con3813,Cidade Nova,31170-240
Con3814,Cidade Jardim,30380-020
Con3815,Carlos Prates,30710-470
Con3816,Gutierrez,30441-082
Con3817,CENTRO,30130-170
Con3818,Alto Barroca,30431-008
Con3819,Floresta,31015-184
Con3820,Jardim Leblon,31540-280
Con3821,Caicara-Adelaide,30770-360
Con3822,Belvedere,30320-590
Con3823,Funcionarios,30130-131
Con3824,Luxemburgo,30380-300
Con3825,Copacabana,31540-550
Con3826,Castelo,31330-370
Con3827,Santa Amelia,31560-420
Con3828,Estoril,30494-170
Con3829,Padre Eustaquio,30720-430
Con3830,Sagrada Familia,31030-370
Con3831,Ceu Azul,31545-140
Con3832,Ouro Preto,31310-520
Con3833,Castelo,31330-130
Con3834,Funcionarios,30150-288
Con3835,Camargos,30520-510
Con3836,Uniao,31170-710
Con3837,Alto Barroca,30431-008
Con3838,Conjunto California,30850-470
Con3839,Santa Tereza,31010-470
Con3840,Uniao,31160-310
Con3841,Anchieta,30310-700
Con3842,Buritis,30575-100
Con3843,Itapoa,31710-010
Con3844,Santa Lucia,30350-582
Con3845,Calafate,30411-298
Con3846,Planalto,31730-600
Con3847,Nova Cachoeirinha,31250-620
Con3848,Estoril,30455-610
Con3849,Santo Antonio,30350-080
Con3850,Estoril,30494-170
Con3851,Horto Florestal,31035-265
Con3852,Alipio de Melo,30830-520
Con3853,Sao Bento,30350-710
Con3854,Santo Agostinho,30180-126
Con3855,Buritis,30492-030
Con3856,Lourdes,30180-160
Con3857,Madre Gertrudes,30518-120
Con3858,Prado,30411-036
Con3859,Santo Agostinho,30190-111
Con3860,Carmo,30310-030
Con3861,Carlos Prates,30710-090
Con3862,Havai,30555-040
Con3863,Santa Efigenia,30260-110
Con3864,Lourdes,30170-001
Con3865,Serra,30220-280
Con3866,Ipiranga,31160-410
Con3867,Ipe,31930-055
Con3868,Nova Cachoeirinha,31250-610
Con3869,Buritis,30493-175
Con3870,Gutierrez,30441-036
Con3871,Centro,30120-903
Con3872,Funcionarios,30140-120
Con3873,Sion,30320-060
Con3874,Buritis,30575-815
Con3875,Santa Efigenia,30130-090
Con3876,Carlos Prates,30710-240
Con3877,Prado,30411-195
Con3878,Sagrada Familia,31035-330
Con3879,Luxemburgo,30380-560
Con3880,Centro,30170-907
Con3881,Miramar Barreiro,30644-070
Con3882,Ouro Preto,31310-240
Con3883,Itatiaia,31360-730
Con3884,Minaslandia,31812-050
Con3885,Gloria,30830-360
Con3886,Floresta,30110-012
Con3887,Manacas,30840-620
Con3888,Liberdade,31270-190
Con3889,Floramar,31840-360
Con3890,Funcionarios,30150-311
Con3891,Renascenca,31130-580
Con3892,Nova Suissa,30421-228
Con3893,Castelo,30840-490
Con3894,Esplanada,30280-230
Con3895,Marajo,30570-410
Con3896,Renascenca,31130-560
Con3897,Jardim Vitoria,31975-370
Con3898,Barro Preto,30190-052
Con3899,Santa Efigenia,30260-270
Con3900,Castelo,30840-480
Con3901,Barroca,30431-065
Con3902,Coqueiros,30881-220
Con3903,Santa Lucia,30360-380
Con3904,Santo Agostinho,30170-070
Con3905,Cruzeiro,30310-130
Con3906,Estoril,30494-170
Con3907,Nazare,31990-070
Con3908,Uniao,31170-480
Con3909,Santa Rosa,31255-750
Con3910,Trevo,31370-570
Con3911,Santo Antonio,30350-140
Con3912,Centro,30180-907
Con3913,Santa Amelia,31560-290
Con3914,Paqueta,31340-290
Con3915,Uniao,31170-470
Con3916,Centro,30190-006
Con3917,Belvedere,30320-580
Con3918,São Bento,30350-530
Con3919,Prado,30411-170
Con3920,Nova Granada,30431-325